barriers_1,barriers_2,barriers_3,barriers_4,barriers_5,barriers_6,barriers_7,barriers_8,barriers_9,barriers_10,barriers_11,barriers_12,barriers_13,barriers_14,barriers_15,barriers_16,id,productivity_1
1,1,0,1,1,1,1,1,0,1,0,0,0,0,1,1,1,50
1,1,1,1,1,1,1,1,0,0,0,0,0,0,0,0,2,50
0,0,0,0,0,0,0,0,0,0,1,1,0,1,1,0,3,0
1,1,1,0,0,0,-2,-2,0,-2,-2,-2,-2,-2,-2,-2,4,50
0,0,0,0,0,-1,0,0,0,0,0,0,-1,0,0,0,5,20
0,-1,0,-1,0,0,0,0,0,-1,0,0,-1,0,-1,0,6,20
1,1,0,0,0,0,0,0,0,0,0,1,0,0,0,0,7,10
0,0,0,0,0,0,0,0,0,0,0,0,0,0,0,0,8,20
0,0,0,0,2,0,0,-1,0,0,1,1,0,1,1,2,9,-50
0,0,0,0,0,0,0,0,0,0,0,0,0,0,0,0,10,50
1,1,1,0,1,1,1,1,1,1,1,1,0,2,1,1,11,50
1,0,0,0,1,0,0,0,1,0,0,0,0,0,1,1,12,20
0,0,0,0,0,0,0,0,0,0,0,0,0,0,0,0,13,-10
0,-2,-2,-2,-2,-2,-2,1,-2,-2,-2,-1,0,0,-1,1,14,-20
1,1,0,0,0,0,-1,0,0,0,0,0,0,0,0,0,15,40
-1,-1,-1,-1,-1,-1,-1,-1,-1,-1,-1,-1,0,-1,0,-1,16,50
0,0,0,0,0,0,0,0,0,0,0,0,0,0,0,0,17,50
1,0,1,0,0,1,0,0,0,1,0,0,0,1,1,1,18,10
1,1,1,1,0,0,0,0,0,0,0,0,0,1,0,0,19,10
0,-1,-1,0,0,-1,0,0,0,0,-2,1,0,-1,0,1,20,20
1,1,2,1,1,1,1,0,0,1,2,1,1,2,1,1,21,50
2,1,1,1,2,1,2,2,1,2,0,1,1,1,0,0,22,30
-1,0,0,-1,-1,0,0,-1,0,-1,-1,-1,0,0,0,-1,23,30
1,1,0,1,0,1,1,2,0,0,2,2,0,0,0,2,24,50
2,2,2,1,1,1,1,1,1,1,1,1,1,1,1,1,25,50
0,0,0,0,0,0,0,0,0,0,0,-1,0,0,0,0,26,0
0,-1,0,0,0,-1,0,0,0,0,0,0,-1,0,0,1,27,30
1,0,0,0,1,0,1,0,1,0,0,1,1,1,0,1,28,30
2,1,2,2,1,2,2,0,2,1,0,2,2,1,0,2,29,40
0,0,0,0,-1,0,0,0,0,1,0,0,0,0,0,0,30,20
0,0,0,0,0,0,0,0,0,0,0,-1,0,0,0,0,31,0
0,1,1,-1,0,0,0,-1,0,0,0,-1,0,0,0,-2,32,30
-2,-1,-1,-1,0,0,0,0,-2,0,0,-1,-2,-1,-1,-2,33,10
0,0,0,0,0,0,0,0,0,0,0,0,0,0,0,0,34,20
1,0,0,-1,0,0,-1,0,0,-1,0,-1,0,0,0,0,35,-20
0,0,0,0,1,0,0,0,0,1,0,0,0,1,0,1,36,-10
0,0,1,1,0,0,0,0,0,0,0,0,0,0,0,0,37,50
1,1,1,-2,-2,0,-1,1,-1,-1,1,1,0,1,0,1,38,50
0,0,0,0,0,0,0,0,0,0,0,0,0,0,0,0,39,40
2,1,2,1,0,1,2,1,0,1,1,2,1,2,2,1,40,50
0,0,0,1,0,0,-1,0,0,0,0,0,0,0,1,0,41,0
0,0,0,0,0,0,0,0,0,0,0,0,0,0,0,0,42,0
1,0,1,0,0,0,-1,1,0,0,0,1,-1,0,0,1,43,50
0,1,1,0,0,1,1,0,0,0,1,1,0,0,0,0,44,50
0,-1,0,-2,0,-1,-2,-2,0,-1,1,-2,1,-1,1,-1,45,-20
0,0,0,0,1,0,0,1,0,0,0,0,0,0,0,0,46,0
0,0,0,0,0,0,0,0,0,0,0,0,0,0,0,0,47,0
0,0,-1,-1,-1,0,0,-1,-2,-1,-2,-1,-2,-1,-2,-1,48,30
0,0,0,-1,0,0,0,0,0,0,0,0,-2,0,0,0,49,20
1,0,1,2,0,0,0,0,0,2,2,0,1,0,1,0,50,30
0,0,-1,0,-1,1,0,1,1,0,0,1,-1,1,0,0,51,50
0,0,0,0,0,0,0,0,0,0,0,0,0,0,0,0,52,0
2,2,2,2,2,2,2,2,2,2,2,2,2,2,2,2,53,50
0,0,0,0,0,0,0,0,0,0,0,0,0,0,0,0,54,50
2,1,0,1,2,1,0,1,2,1,0,0,1,0,0,1,55,30
1,1,0,0,0,-1,-1,0,0,0,0,0,0,0,0,0,56,0
2,2,2,1,1,2,2,1,2,1,2,1,2,2,1,2,57,50
1,2,1,0,-2,-1,-2,-1,0,0,0,1,1,2,-1,2,58,30
2,-2,0,-1,-2,0,-1,-2,-1,-2,1,0,-2,-1,-2,-1,59,20
0,0,0,0,0,0,0,0,0,0,0,0,0,0,0,-1,60,0
1,1,2,0,0,0,0,-2,0,0,0,0,0,0,0,0,61,50
0,0,0,0,0,0,0,1,0,0,0,-1,1,0,1,-1,62,0
0,0,0,0,0,0,0,0,0,0,0,0,0,0,0,0,63,0
0,-1,0,-1,0,-1,0,-1,-1,0,0,0,0,-1,-1,-1,64,-50
1,1,1,1,0,1,-1,1,-1,-1,-1,1,0,1,0,-1,65,0
1,0,0,0,0,1,-1,1,1,1,0,0,-1,0,1,1,66,-20
2,2,1,0,1,1,0,0,1,0,1,1,1,1,1,2,67,30
1,0,0,1,0,0,-1,-1,0,-1,0,-1,1,0,1,0,68,10
1,1,1,0,0,0,-1,0,0,0,-1,0,0,0,0,1,69,20
0,0,0,0,0,-1,-1,0,0,0,0,0,0,0,0,0,70,30
0,0,0,0,0,0,0,0,0,0,0,2,0,0,0,0,71,0
0,0,0,0,0,0,0,0,0,0,0,0,0,0,0,0,72,0
-1,1,1,1,2,1,1,1,0,1,0,2,1,-1,0,1,73,30
2,1,0,0,0,0,0,0,0,0,0,0,0,0,0,-1,74,10
-1,0,2,0,0,0,0,-1,0,0,-2,0,-1,0,0,-1,75,50
1,1,1,0,-1,0,0,0,0,-1,0,1,0,0,-1,0,76,-10
0,0,0,0,0,0,-1,0,0,0,-1,0,0,0,0,0,77,20
0,0,0,0,0,0,0,0,0,0,0,0,0,0,0,0,78,0
0,0,0,0,0,0,0,0,0,0,0,0,0,0,0,0,79,50
-1,-2,-2,-2,-2,-2,-1,0,-2,1,0,-1,-2,0,-1,0,80,10
-1,-1,-1,-1,-1,0,0,0,-1,-1,-1,-1,-1,-1,-1,-1,81,20
1,1,-1,0,0,1,0,1,0,1,0,1,-1,0,0,0,82,50
0,0,-1,-2,-2,-1,-1,-1,0,0,0,0,0,0,0,0,83,-20
0,0,0,-1,0,0,-1,0,0,0,0,0,0,0,0,0,84,30
0,0,0,0,0,-1,0,2,0,-1,1,-1,0,0,1,1,85,30
0,0,1,1,0,0,-1,-1,0,0,0,0,-2,0,0,0,86,0
1,1,0,1,1,0,2,2,1,2,1,1,0,1,2,0,87,-10
0,-1,-1,-1,0,-1,-2,0,0,0,-2,-2,0,-1,-1,1,88,-20
0,0,0,0,0,0,0,0,0,0,0,0,0,0,0,0,89,50
0,0,0,0,-2,-1,0,0,0,0,0,-1,0,0,0,0,90,0
0,0,0,0,0,0,0,0,0,0,0,0,0,0,0,0,91,0
-1,-1,0,-1,-1,-2,0,-2,-1,-1,-2,-1,-2,-1,-2,-1,92,30
-1,-1,-1,-1,0,0,-2,-1,0,1,0,-1,-2,-1,-1,0,93,0
0,0,1,1,1,1,1,1,1,1,1,1,0,1,1,0,94,0
0,0,1,0,0,0,2,0,0,0,0,0,0,0,0,0,95,0
1,-1,0,-1,-1,-1,-2,1,0,-2,-1,-1,-1,1,0,1,96,-10
1,-1,1,-2,1,-1,0,1,1,1,-2,-1,-1,1,0,0,97,40
0,0,1,0,0,0,0,2,0,1,0,0,0,0,0,0,98,50
1,1,0,2,0,1,2,0,2,2,-1,0,0,1,1,0,99,30
1,0,1,1,2,1,2,1,0,2,1,2,1,1,0,2,100,10
1,0,1,-2,0,1,0,1,0,1,0,1,1,2,0,1,101,20
-2,-2,0,0,0,-2,-2,-1,0,0,-2,0,-1,-2,-2,-1,102,10
0,0,0,0,0,-1,-1,0,1,0,1,0,0,0,1,0,103,30
1,1,2,1,1,2,2,1,1,2,2,2,2,2,0,2,104,40
0,0,0,0,0,0,0,0,0,-2,0,0,-1,0,0,0,105,0
-2,-1,0,-2,-1,-1,1,-2,-2,0,1,-1,-1,-1,-1,0,106,30
0,0,0,0,1,1,0,0,1,0,1,0,0,0,0,0,107,40
0,0,1,-1,0,0,0,1,-1,0,1,0,1,0,0,1,108,0
0,1,1,0,1,1,-1,-1,1,0,1,1,1,1,1,1,109,20
0,0,0,0,0,0,0,0,0,0,0,0,0,0,0,0,110,30
0,-1,-1,0,1,0,-1,-1,0,0,1,-1,1,0,1,0,111,40
-2,-2,0,-1,-1,-1,0,2,-1,0,-1,-1,1,0,0,0,112,50
0,0,0,0,0,0,0,0,0,0,0,0,0,0,0,0,113,0
0,1,2,0,0,1,0,0,0,0,1,0,0,0,1,0,114,20
0,0,0,0,-1,0,0,0,0,0,0,0,0,0,0,0,115,20
0,1,1,1,1,0,0,-1,1,0,2,0,-1,0,1,-1,116,30
0,2,1,1,0,-1,1,0,0,1,0,1,2,0,2,1,117,20
0,0,-1,1,-1,-1,-1,-1,0,-1,-1,0,-1,0,0,0,118,-10
-1,0,1,2,-2,1,-1,-1,2,1,-2,1,-1,2,2,-1,119,-30
2,2,2,0,0,2,1,0,2,0,2,2,0,1,0,0,120,50
0,0,1,-1,0,-1,0,0,0,0,0,-1,1,0,0,0,121,0
2,2,0,0,0,1,0,0,0,0,0,0,0,2,0,2,122,20
0,0,0,1,-1,1,0,0,0,0,-1,0,0,0,0,1,123,50
1,1,2,0,1,1,1,1,1,1,2,1,1,1,1,2,124,20
0,1,0,1,1,1,1,2,1,1,1,1,2,1,2,0,125,-10
1,1,1,1,1,1,1,1,1,1,1,1,1,1,1,1,126,50
1,2,2,2,2,2,0,0,-2,1,-1,2,2,1,1,2,127,20
2,2,2,2,2,2,2,2,-1,0,0,-1,0,0,0,0,128,-10
0,1,1,0,2,2,1,2,2,0,-1,1,1,0,0,2,129,20
1,1,1,1,1,1,1,1,1,1,1,1,1,1,1,1,130,50
0,-2,-1,0,-2,1,-1,0,1,2,1,-2,-1,-2,0,-1,131,30
0,0,0,0,0,0,0,0,0,0,0,0,0,0,0,0,132,20
0,0,0,0,0,0,0,0,0,0,0,0,0,0,0,0,133,-10
0,2,0,1,0,0,0,0,0,2,2,2,1,0,0,2,134,0
1,-1,1,1,0,1,-2,1,0,-2,1,1,0,2,0,1,135,50
0,0,-1,-1,-2,-2,0,-2,-1,-2,-1,-1,-2,0,-2,0,136,-30
1,0,0,2,1,1,-1,1,0,1,2,1,1,1,0,0,137,20
0,0,0,0,0,0,0,0,1,0,0,0,0,0,0,0,138,0
0,0,0,0,0,0,0,0,0,0,0,0,0,0,0,0,139,30
-1,-2,0,1,-1,1,-2,1,1,1,0,0,1,1,1,1,140,50
2,1,0,1,0,1,-1,1,2,1,2,2,0,0,1,1,141,30
0,0,0,0,-1,0,-1,-1,0,0,0,0,1,0,0,0,142,50
0,0,0,0,0,1,0,2,0,1,0,1,0,1,1,1,143,20
0,0,0,0,0,0,0,0,0,0,0,0,0,1,0,0,144,-50
0,0,0,0,0,-1,-1,2,1,0,0,1,0,0,0,1,145,30
1,0,0,-1,0,0,-2,1,0,0,1,-1,-1,2,0,0,146,-30
0,0,1,1,0,1,0,0,0,0,0,-1,0,0,2,2,147,30
1,1,2,0,0,1,-1,1,0,0,-1,0,-1,1,0,1,148,30
1,1,0,1,1,0,0,1,0,0,0,0,0,0,0,0,149,20
1,0,1,0,0,1,0,1,2,0,1,1,0,0,-1,0,150,30
1,1,0,0,1,0,1,1,0,0,1,1,0,0,1,0,151,50
0,0,0,0,0,-1,-1,0,-1,0,-1,0,2,0,0,0,152,40
0,1,1,1,0,2,0,2,1,1,2,0,0,1,0,2,153,20
1,2,0,1,2,1,0,1,2,2,0,1,1,0,2,0,154,30
0,1,1,0,1,1,0,1,0,0,1,0,0,0,1,0,155,10
1,0,0,0,1,1,0,1,0,1,0,1,1,2,0,1,156,10
2,1,0,1,2,2,1,0,2,2,1,1,2,2,0,1,157,40
0,0,0,0,-2,0,0,0,0,0,0,0,0,0,0,-2,158,-10
0,1,2,2,2,0,-1,0,-2,-1,1,-2,-1,0,2,1,159,40
0,0,0,0,0,0,0,0,0,0,0,0,0,0,0,0,160,30
1,2,1,0,1,1,1,2,1,1,1,2,1,1,0,1,161,40
2,1,0,0,-1,0,0,0,0,-2,1,1,-1,1,0,1,162,50
0,0,0,0,0,0,0,0,0,0,0,0,0,0,0,0,163,20
0,0,0,0,0,0,0,0,0,0,0,0,0,0,0,0,164,0
-1,0,-1,-1,1,0,-2,1,-1,-1,0,-1,-2,1,0,-2,165,-10
2,1,2,1,2,2,1,2,0,1,2,0,2,0,1,2,166,50
-1,0,0,0,0,0,0,0,0,0,0,0,0,0,0,0,167,0
-1,0,0,0,0,0,0,1,0,0,-1,-1,0,-2,0,0,168,-30
1,0,0,1,0,0,-1,0,0,1,0,1,0,1,0,0,169,20
0,-1,0,-2,-1,-2,-1,-1,1,1,-1,0,-1,0,-2,-1,170,-40
0,0,0,0,0,0,0,0,0,0,0,0,0,0,0,0,171,20
0,0,0,0,0,0,0,0,0,0,0,0,0,0,0,0,172,0
2,2,0,0,0,0,1,0,0,0,0,0,-2,0,0,0,173,0
0,0,1,-1,0,0,-1,-1,0,0,0,0,-1,0,0,0,174,30
0,0,0,-1,-1,0,-2,0,0,0,0,0,0,0,0,-1,175,50
0,0,0,0,0,0,0,0,0,0,0,0,0,0,0,0,176,-10
0,0,0,0,0,0,0,0,0,0,0,-1,0,1,0,1,177,10
-1,-2,0,-1,1,-1,-2,-1,-1,-1,-2,-2,1,1,-2,-2,178,10
1,1,0,0,0,0,0,0,0,0,0,1,0,0,0,0,179,10
0,1,1,0,0,1,1,1,-1,-1,0,-1,-1,0,-1,0,180,0
0,0,0,0,-1,0,0,0,0,0,1,1,0,0,1,1,181,30
0,0,1,1,0,0,0,-1,0,0,1,0,-1,0,0,0,182,0
0,0,0,0,0,0,0,0,0,0,0,0,0,0,0,0,183,10
0,0,0,1,0,0,1,0,0,0,0,-1,0,0,0,0,184,0
0,0,0,0,0,0,0,0,0,0,0,0,0,0,0,0,185,20
-1,0,1,-2,-1,0,-2,-2,-2,-2,-2,-2,0,-2,-2,-2,186,-50
1,-1,1,0,0,0,0,0,0,0,-1,0,-1,0,0,0,187,10
0,0,0,0,0,0,0,0,0,0,0,0,0,0,0,0,188,30
0,0,0,-1,0,0,-1,-1,0,-1,0,-1,0,0,0,0,189,-20
0,0,0,0,0,0,0,0,0,0,0,0,0,0,0,0,190,50
0,-1,0,1,1,2,1,0,1,-1,-1,-1,0,0,-1,0,191,20
0,0,1,1,0,1,1,0,0,0,0,1,-1,0,1,0,192,10
0,0,0,0,0,0,0,0,0,0,0,0,0,0,0,0,193,0
0,0,0,0,0,0,0,-1,0,0,-1,0,0,0,0,0,194,40
-2,-1,0,0,0,0,0,1,0,0,0,-1,-2,-2,0,1,195,20
1,0,1,1,-1,1,1,1,1,-2,0,1,-2,1,-2,1,196,-10
0,0,0,0,0,0,0,0,0,1,0,0,0,0,0,0,197,-10
1,1,1,1,1,1,1,1,1,1,1,1,1,1,1,1,198,50
0,0,0,0,0,0,0,0,0,0,0,0,0,0,0,0,199,0
-1,1,0,0,-1,-2,0,2,-2,-1,0,0,2,-1,-1,1,200,50
0,0,0,0,0,0,0,0,0,0,0,0,0,0,0,0,201,40
0,0,0,0,0,0,0,2,0,0,0,2,0,0,0,0,202,50
0,0,0,0,0,0,0,0,0,0,0,1,0,0,0,0,203,50
0,0,0,0,0,0,0,0,0,0,0,0,0,0,0,0,204,10
0,0,0,-1,0,0,-1,-1,0,-1,0,0,0,0,0,0,205,0
1,0,-1,1,0,2,1,1,1,1,0,0,2,1,0,2,206,40
0,0,0,0,0,0,0,0,0,0,0,0,0,0,0,0,207,0
1,1,1,1,1,1,1,1,1,1,1,1,1,1,1,1,208,50
-1,1,-1,-2,-2,0,0,0,0,-2,-1,1,2,0,0,-1,209,30
-2,-1,0,-2,-1,-1,-1,-2,-2,0,-2,-2,0,0,0,1,210,20
0,0,0,0,0,0,-1,0,0,0,0,0,0,0,0,0,211,0
2,1,1,1,1,0,0,0,0,0,0,1,-1,1,-1,1,212,20
0,0,1,0,0,1,0,1,1,0,1,1,0,1,1,1,213,30
0,0,0,0,0,0,-1,0,0,0,0,0,0,0,0,0,214,30
0,-1,0,1,1,1,0,-1,0,0,-1,1,2,0,0,0,215,20
0,0,1,1,-2,1,0,0,1,0,0,1,1,0,0,0,216,20
0,0,0,0,0,0,0,0,0,0,0,-1,0,0,0,0,217,0
-1,-1,0,-1,-1,0,0,0,1,-1,1,-1,1,0,0,0,218,20
0,-1,-1,-1,-1,-1,-2,-1,-1,-1,-1,-1,1,-1,-1,-2,219,50
2,0,0,0,0,0,0,0,0,0,0,0,0,0,0,0,220,30
0,1,0,-1,0,0,-1,0,0,0,2,1,0,2,0,0,221,50
0,0,0,0,0,0,0,1,0,0,0,0,0,0,0,0,222,0
-1,1,-2,0,-1,1,2,-1,0,0,-1,1,1,-1,-1,0,223,40
0,0,0,0,0,0,0,0,0,0,0,0,0,0,0,0,224,0
2,2,1,2,1,2,2,2,2,1,2,2,1,2,0,1,225,30
0,0,0,0,0,0,0,0,0,0,0,0,0,0,0,0,226,0
0,0,0,0,0,0,-1,0,0,0,0,-1,0,0,0,0,227,0
1,1,1,1,1,1,1,1,1,1,1,1,1,1,1,1,228,50
0,0,0,0,0,0,0,0,1,2,2,2,1,2,1,0,229,20
-1,0,1,1,1,2,1,0,0,1,0,1,-1,-1,2,0,230,30
1,0,0,0,0,0,0,0,0,-2,1,1,0,0,0,2,231,50
0,0,0,0,0,0,-1,-1,0,0,1,-1,0,0,0,0,232,0
0,0,1,1,0,0,-1,-1,0,1,1,0,1,2,1,2,233,-40
0,1,0,0,2,0,0,0,0,0,1,2,-1,0,0,2,234,50
1,0,2,1,2,2,1,2,2,2,1,2,0,1,1,2,235,30
0,0,0,0,0,0,0,0,0,0,0,0,0,0,0,0,236,20
0,2,2,0,0,0,0,-1,-2,0,-1,1,-2,-1,0,-1,237,10
0,-1,1,1,0,-1,0,1,0,1,1,2,1,1,0,0,238,0
-1,-2,-2,-1,0,-1,-1,-1,-1,-1,0,-2,-1,-1,0,0,239,10
1,0,1,1,0,1,0,2,0,1,2,2,1,2,1,2,240,30
2,1,2,1,2,1,2,1,1,1,2,1,2,2,2,1,241,30
-1,-1,0,0,-2,0,-1,0,0,1,2,1,-1,2,0,2,242,50
2,1,2,1,2,1,2,1,1,1,1,2,2,1,2,2,243,30
0,0,0,0,0,0,0,0,0,-2,0,0,-2,0,0,0,244,50
0,1,2,2,1,-2,2,2,2,-1,2,0,2,1,2,2,245,0
2,1,2,1,2,1,2,1,2,1,1,1,2,1,2,2,246,30
1,0,-2,-2,-2,-1,-2,-2,-1,-1,-1,-1,-1,-1,-1,-1,247,-20
1,0,0,-1,0,-1,-1,0,0,0,-1,0,0,0,0,0,248,0
0,0,0,0,0,0,0,0,0,0,0,0,0,0,0,0,249,20
0,0,0,0,0,0,0,0,1,1,1,-1,1,0,-1,1,250,-10
0,-1,0,0,0,0,0,0,0,0,0,-1,0,0,0,0,251,0
1,1,0,0,-1,0,-1,1,1,1,0,1,1,1,-2,0,252,0
2,2,2,1,1,2,2,2,2,2,1,2,2,2,2,1,253,50
0,0,1,0,0,0,-1,0,0,1,1,-2,0,0,0,1,254,0
2,-2,-2,-2,-2,-2,-2,0,-2,0,0,-2,0,0,0,0,255,0
0,0,0,0,-2,0,0,1,0,0,0,1,0,0,0,1,256,20
2,0,1,-1,1,0,0,1,0,0,1,1,0,0,0,2,257,20
-1,0,1,0,0,0,0,-1,0,0,-1,-1,0,-2,0,0,258,40
1,0,0,0,1,1,0,1,1,1,1,1,1,1,1,1,259,50
2,2,2,2,2,2,2,2,2,0,2,2,2,2,2,2,260,0
-1,0,0,0,0,0,0,0,0,0,0,-1,0,0,0,0,261,-20
1,1,1,1,1,1,1,1,0,0,0,0,0,0,0,0,262,50
0,0,0,0,0,0,0,-2,0,-2,0,0,0,0,0,0,263,-30
2,1,1,1,0,1,1,0,0,0,0,1,1,0,0,0,264,-10
0,0,0,0,0,0,0,0,0,0,0,0,0,0,0,0,265,10
1,0,1,0,0,1,-2,1,0,1,1,-1,0,0,0,-1,266,10
0,0,0,0,0,0,0,0,0,0,0,0,0,0,0,2,267,50
2,0,0,0,0,0,0,1,0,0,0,1,0,1,0,1,268,50
0,0,0,0,0,0,0,0,0,0,0,0,0,0,0,0,269,0
2,2,2,1,1,2,1,1,2,0,2,1,1,2,1,2,270,30
-1,0,-1,-2,0,-2,0,1,-2,-2,-2,-1,-1,1,-2,0,271,-30
2,1,1,0,0,1,2,1,1,2,1,2,0,1,1,0,272,20
0,2,2,2,1,0,1,1,1,2,2,2,2,2,2,2,273,-30
0,-1,0,0,-1,-1,0,-1,0,1,1,0,-1,-1,-1,0,274,0
1,1,0,0,0,0,0,1,0,1,0,0,0,1,0,1,275,20
1,1,1,0,0,0,0,-1,0,-1,0,0,0,0,0,0,276,50
1,1,1,2,0,0,-1,0,0,0,0,0,0,1,0,2,277,40
-1,-1,-2,1,-2,-1,0,0,2,0,-1,-1,0,-2,-1,0,278,30
0,0,-1,0,-2,-1,0,0,0,0,0,0,0,0,0,0,279,0
0,-1,-1,-1,-1,-1,-1,-1,-1,0,-1,0,0,-1,0,-1,280,0
0,0,0,0,-1,0,0,-1,0,0,0,0,0,-1,0,0,281,30
0,0,1,0,0,0,0,1,0,0,2,1,0,0,0,0,282,0
0,0,0,0,0,0,0,0,1,0,0,0,0,0,0,0,283,20
0,0,0,0,0,0,-1,0,0,0,0,0,0,0,0,0,284,0
0,0,-1,-1,0,-1,1,0,-1,0,-1,-1,0,0,-1,0,285,-30
0,0,0,0,0,0,0,0,0,0,0,0,0,0,1,0,286,-10
0,0,0,0,0,0,0,0,0,0,0,0,0,0,0,0,287,50
-1,0,0,0,0,0,0,0,0,-1,1,1,0,0,0,0,288,30
0,1,1,1,2,1,0,0,0,0,-1,0,0,-2,0,0,289,30
0,-1,0,0,1,0,-1,0,0,0,0,1,0,0,0,0,290,0
0,0,0,1,0,1,0,0,0,0,0,-1,0,0,0,0,291,-10
0,0,0,0,0,0,0,0,0,0,0,0,0,0,0,0,292,50
0,0,0,0,0,0,0,0,0,0,0,0,0,0,0,0,293,-50
0,1,1,1,0,0,0,0,0,1,0,0,0,0,0,1,294,20
0,0,0,0,0,0,0,0,0,0,0,0,-1,0,0,-1,295,30
0,1,1,2,1,0,0,0,1,0,1,0,0,0,1,1,296,20
0,0,0,0,0,0,0,0,0,0,0,0,0,0,0,0,297,0
0,0,-1,-1,0,-2,0,-1,2,-1,-2,-1,0,0,0,-1,298,20
0,0,0,1,-1,0,0,0,0,0,0,-1,0,0,0,0,299,20
-1,-2,-2,-1,0,0,-1,0,0,-2,-1,-1,-2,0,0,1,300,-40
0,0,0,0,0,0,0,1,0,0,0,0,0,0,0,0,301,30
0,0,0,0,0,0,0,0,0,0,0,0,0,0,0,2,302,30
0,0,0,0,0,0,0,0,0,0,0,0,0,0,0,0,303,0
0,0,0,0,0,0,0,1,0,0,0,0,0,0,0,0,304,20
1,-1,1,-1,0,-1,-1,-1,1,1,-1,-1,1,0,1,-1,305,-10
0,0,0,0,0,0,0,0,0,0,0,0,0,0,0,0,306,40
0,1,0,1,0,2,-2,-1,1,0,0,-1,-2,-1,0,0,307,20
1,0,0,0,-1,-1,-1,2,0,0,-1,1,0,1,0,1,308,30
0,-1,0,-1,-1,-1,-2,-1,-1,-2,-1,-1,0,0,0,0,309,0
0,-1,-1,-1,-1,0,-1,-1,-1,1,0,-2,-1,-1,-1,0,310,0
0,-1,1,0,0,1,0,0,0,-1,0,0,1,0,0,0,311,-20
-1,0,0,0,1,0,1,0,0,0,2,-1,0,-1,0,1,312,-20
1,-2,0,2,1,-2,0,1,-1,2,2,1,-2,0,1,-2,313,30
0,0,0,0,0,0,0,0,0,0,0,-1,0,0,0,0,314,20
0,0,0,0,0,0,0,1,1,0,1,0,2,0,1,1,315,10
-1,-2,-1,0,-1,-2,-2,-1,-2,-1,0,-1,-2,0,-2,1,316,-30
0,0,0,0,-1,-1,-1,0,0,-1,0,-1,0,0,0,0,317,40
1,2,1,0,1,1,2,1,2,1,1,0,2,2,1,1,318,20
-2,0,0,1,1,1,1,0,-1,0,-1,-1,-2,1,0,-2,319,0
0,0,0,0,0,0,0,0,0,0,0,0,0,0,0,0,320,30
1,0,0,1,-2,-1,0,0,0,-1,1,0,0,0,0,0,321,10
1,2,1,0,2,1,1,0,0,1,2,0,1,1,1,2,322,20
1,2,1,1,2,1,1,2,2,2,1,1,2,1,1,1,323,20
1,1,1,0,0,1,0,1,1,1,2,1,1,1,2,1,324,30
2,1,1,2,1,1,2,0,2,1,2,1,2,1,2,1,325,20
1,2,2,1,1,2,1,2,1,1,2,2,2,1,1,2,326,40
2,1,1,2,2,2,1,1,0,2,1,1,2,0,1,1,327,30
2,1,1,1,2,2,2,2,1,1,2,1,2,1,2,1,328,10
0,0,1,0,0,0,-1,0,0,0,0,0,0,0,0,0,329,0
1,1,0,1,0,0,1,1,0,0,1,1,0,0,1,1,330,30
1,1,2,2,2,1,2,2,2,1,1,2,2,2,1,2,331,10
0,0,0,0,0,0,0,0,0,0,0,0,0,0,0,0,332,50
0,0,-2,-1,-2,-1,-2,0,-1,0,0,0,0,-2,0,-2,333,-40
1,2,0,1,1,0,2,1,1,2,1,1,1,1,0,2,334,40
0,0,0,1,1,0,-2,1,1,-1,1,1,0,1,0,0,335,30
2,2,1,1,-1,1,1,1,1,1,2,2,2,1,2,2,336,10
0,0,0,0,0,0,0,0,0,0,0,0,0,0,0,0,337,-10
0,-1,-2,-1,0,1,2,2,2,-1,0,0,-1,1,1,0,338,30
1,0,0,0,1,-1,-1,0,0,0,0,-1,0,0,0,0,339,30
0,0,0,0,0,0,0,0,0,0,0,0,0,0,0,0,340,50
0,0,1,1,0,0,0,0,0,0,0,1,1,0,1,0,341,10
2,0,0,0,0,0,0,0,0,0,0,0,0,0,0,0,342,30
0,0,0,0,0,0,0,0,0,0,0,0,0,0,0,0,343,0
0,0,0,0,0,0,0,0,0,0,0,0,0,0,0,0,344,10
-2,1,2,1,1,2,-1,-2,0,-2,2,1,1,-1,2,1,345,50
0,0,0,0,0,0,0,0,0,0,0,0,0,0,0,0,346,30
0,1,1,-1,0,1,-1,1,0,0,1,0,1,0,1,1,347,30
-1,0,1,1,0,-2,0,-1,1,-1,0,0,1,1,-1,-1,348,10
0,0,0,0,0,0,0,1,0,0,0,0,0,0,0,0,349,30
2,1,2,1,2,2,2,1,1,1,2,2,2,2,1,2,350,50
1,2,1,0,0,1,1,1,2,2,1,2,2,1,2,2,351,10
0,-2,-1,-1,0,0,0,0,0,1,0,0,0,0,1,0,352,-10
2,2,2,2,2,2,2,2,2,2,2,2,2,2,2,2,353,50
1,0,1,1,1,0,0,0,1,0,0,0,1,0,1,1,354,0
2,1,2,1,2,1,2,2,2,1,2,2,1,2,1,1,355,50
1,2,2,1,1,2,1,2,2,1,1,2,2,1,2,2,356,20
1,0,0,1,1,2,0,1,1,1,1,0,1,1,0,0,357,40
1,1,-1,-1,0,-1,-1,-1,-1,-1,1,0,1,0,1,1,358,30
0,0,1,1,0,0,0,0,0,0,1,0,1,0,0,0,359,0
0,0,-1,-1,-1,0,-1,0,-1,0,-1,0,-1,0,0,1,360,0
0,0,0,0,-1,0,0,0,0,0,0,0,0,0,0,0,361,40
-1,-1,0,0,0,0,0,1,1,0,0,-1,-1,0,0,0,362,30
0,0,0,0,0,0,0,0,0,0,0,0,0,0,0,0,363,0
0,1,1,1,1,1,1,1,1,1,1,0,1,1,1,1,364,20
0,0,0,1,1,2,1,0,2,0,1,0,1,0,2,1,365,-20
0,0,0,0,0,1,1,1,0,0,0,0,0,1,1,0,366,-50
0,2,1,1,-1,0,1,1,2,1,0,2,-1,0,1,-2,367,40
0,2,0,0,0,0,0,0,0,0,0,0,0,0,0,0,368,0
1,2,0,1,2,1,1,1,0,0,0,0,0,0,0,0,369,0
0,0,1,0,0,-1,0,0,-2,-2,0,0,0,0,-2,-1,370,20
0,0,0,0,0,0,0,0,0,0,0,0,1,0,0,0,371,10
0,1,-1,0,1,1,-1,0,0,0,0,0,0,0,0,0,372,10
1,0,0,0,0,0,0,0,0,0,0,0,0,0,0,0,373,-10
2,0,0,1,1,2,1,0,2,0,2,2,-2,2,2,2,374,50
1,0,0,-1,-1,0,-1,-1,0,0,0,-1,0,0,0,1,375,-10
-1,0,-1,0,-1,0,0,1,-2,-2,-1,-1,-1,-2,0,0,376,30
0,0,0,0,0,0,0,0,0,0,0,0,0,0,0,0,377,20
0,-1,0,1,0,-1,0,-1,-2,0,0,-1,1,-1,-1,0,378,-30
0,-1,0,1,0,-1,-2,2,0,1,-2,1,0,0,0,0,379,10
1,1,1,-1,0,-1,-2,0,0,1,1,0,1,-1,1,-1,380,20
2,2,0,-1,-1,0,-1,-1,0,-1,0,1,-1,0,0,2,381,50
1,0,0,0,1,0,1,1,0,1,1,1,0,1,0,2,382,40
-1,-2,-1,1,0,1,0,-1,0,-1,-1,0,1,0,-1,0,383,10
1,2,1,0,0,1,-1,0,0,-1,1,0,0,-1,1,1,384,20
2,2,2,2,2,2,2,2,2,2,2,2,2,2,2,2,385,50
-1,-1,0,0,-2,1,1,0,1,0,0,0,-1,0,1,-1,386,10
0,0,0,0,0,0,-1,0,0,0,0,1,0,0,0,1,387,30
0,0,0,0,0,0,0,0,0,0,0,1,0,0,0,0,388,10
0,0,0,0,0,0,0,0,0,0,0,0,-1,0,0,1,389,50
1,1,1,0,0,2,0,-1,1,0,0,0,0,-1,0,0,390,20
1,0,0,-2,-1,-1,0,-1,-2,-1,1,0,-2,1,-1,0,391,-30
0,0,0,0,0,0,0,0,0,0,0,0,0,0,0,0,392,0
0,0,0,-1,0,-2,-1,0,1,0,0,-1,0,0,0,0,393,0
0,0,1,1,0,0,0,0,1,0,0,0,1,0,0,0,394,20
1,1,1,0,0,1,0,0,1,1,1,0,1,1,0,0,395,20
0,0,0,-1,0,0,0,-1,0,0,0,0,0,0,0,0,396,0
0,0,-1,-1,-1,0,-1,-1,0,-2,-2,-1,1,0,0,1,397,20
0,-1,-2,2,0,-2,0,1,-1,0,0,-1,1,1,0,-1,398,40
0,0,1,0,0,1,0,0,0,-1,0,0,0,0,0,0,399,50
0,1,1,-2,1,0,0,0,-1,-2,0,-2,-1,-2,0,-2,400,20
2,1,0,1,2,1,1,0,2,1,0,0,1,2,0,1,401,40
1,1,1,1,1,1,1,1,1,1,1,1,1,1,2,1,402,50
0,1,0,0,0,1,0,0,0,0,0,0,0,0,0,1,403,0
1,0,2,1,1,0,0,0,-1,2,1,1,2,1,2,2,404,0
1,2,2,1,2,2,1,2,1,1,2,2,2,2,2,2,405,30
1,-1,0,1,-1,1,-1,1,-1,1,1,1,2,0,1,1,406,30
0,0,0,1,0,1,0,-2,0,-1,0,1,-1,0,1,1,407,50
0,-1,-1,-1,-1,-1,0,-1,-1,-1,-1,-1,-1,-1,-1,-1,408,30
0,0,0,-1,-1,0,-2,0,0,0,1,-1,0,0,0,0,409,20
0,0,1,0,1,2,-1,-1,0,0,1,1,1,0,0,1,410,30
0,1,1,0,0,1,0,1,0,0,0,1,0,1,0,1,411,20
0,0,0,0,0,0,0,0,0,0,1,1,-1,0,0,1,412,20
0,0,0,2,0,0,0,0,1,0,0,0,1,1,1,0,413,50
-2,-2,-1,0,0,0,-1,-1,0,-1,0,0,0,-1,0,0,414,10
0,-1,-1,0,0,0,-1,-1,-2,-1,0,0,0,0,0,0,415,10
0,0,0,0,0,0,0,0,0,0,0,0,0,0,0,0,416,30
0,0,0,0,0,0,0,0,1,0,1,0,0,1,1,0,417,40
0,-2,-2,-2,-2,-2,-2,-2,-2,-2,-2,-2,-2,-2,-2,-2,418,-20
1,1,0,0,0,1,0,0,0,0,1,1,0,1,0,1,419,20
0,0,2,0,2,2,0,0,0,0,0,0,0,0,0,0,420,50
0,0,0,0,0,1,-1,0,0,1,1,1,1,0,0,0,421,40
0,0,0,0,1,1,0,1,1,0,0,1,0,0,0,0,422,0
2,1,2,1,2,1,2,1,1,1,2,2,2,1,2,1,423,50
0,-1,0,-2,-1,-1,-2,0,-1,-2,0,0,1,0,-1,1,424,-30
0,-1,0,-1,1,0,-1,-1,1,0,1,0,0,1,0,1,425,10
1,0,0,1,1,0,1,0,0,1,1,1,1,0,1,1,426,10
0,-2,-2,0,0,1,0,1,0,-2,-1,2,-1,0,-1,0,427,0
0,0,0,0,0,0,0,1,0,0,0,0,0,0,0,1,428,0
0,-2,0,-1,-2,1,-2,0,0,-1,-1,0,-2,0,0,1,429,10
0,0,0,0,0,0,0,0,0,0,0,0,0,0,0,0,430,50
2,0,0,0,0,0,0,0,0,0,-1,0,-2,0,0,0,431,50
1,0,1,1,0,1,2,1,2,1,1,2,2,2,1,1,432,40
0,0,0,0,0,0,0,0,0,0,0,0,0,1,0,0,433,20
-1,0,1,1,1,1,-1,0,0,0,0,1,0,0,0,1,434,40
0,0,0,1,0,0,0,0,0,0,0,-1,-1,-1,-1,0,435,-20
1,0,1,1,1,1,0,-1,1,1,1,1,2,1,2,1,436,30
1,0,1,-1,0,1,0,0,-1,0,0,1,-1,0,1,1,437,20
2,1,2,1,2,1,2,1,2,1,1,1,2,2,2,1,438,50
0,1,1,0,2,0,0,0,1,2,1,0,0,1,0,0,439,30
-1,-1,2,2,-2,-2,2,-2,1,2,-1,1,-2,-1,2,2,440,-20
0,0,0,0,1,0,0,0,0,1,0,0,0,0,0,0,441,50
1,2,0,1,-1,1,2,-1,1,1,1,0,0,0,0,-1,442,50
0,0,0,0,0,0,0,0,0,0,0,0,0,0,0,0,443,20
0,1,-1,1,1,0,1,0,0,0,0,0,0,1,1,2,444,10
1,0,0,-1,0,0,-1,1,1,0,-1,0,0,0,-1,1,445,-10
1,1,0,1,0,1,0,0,1,1,1,1,2,1,0,1,446,20
-1,-1,-1,-1,1,-1,-1,1,0,-1,1,0,1,0,0,1,447,0
1,2,0,-1,-1,0,-1,-1,-1,-1,0,0,1,2,1,1,448,10
0,0,0,0,0,0,0,0,0,0,0,2,2,2,2,2,449,50
2,1,0,2,1,0,2,1,2,1,0,1,1,2,1,0,450,50
0,0,0,0,0,0,0,0,2,2,2,2,2,2,2,2,451,0
0,-1,0,0,0,0,-1,0,1,0,0,-1,0,0,0,0,452,-10
-1,-1,0,0,-2,-1,0,-1,1,-1,0,0,1,-2,0,0,453,30
1,0,1,0,0,0,0,0,-1,0,1,1,1,0,1,1,454,30
0,0,0,0,0,0,0,0,0,0,0,0,0,0,0,0,455,0
0,0,0,0,0,0,0,0,0,0,0,0,0,0,0,0,456,30
0,0,0,0,0,0,0,0,0,0,0,0,0,0,0,0,457,0
1,1,1,1,1,2,1,0,1,0,0,1,1,0,1,0,458,20
0,0,0,0,0,0,0,0,0,0,0,-1,0,0,0,0,459,0
0,0,0,0,0,0,0,0,0,0,0,0,0,0,0,0,460,0
-1,1,1,0,0,0,-1,-1,0,0,1,0,-1,0,1,0,461,0
0,0,0,0,0,0,0,0,0,-2,0,-1,-2,1,0,0,462,0
0,0,0,1,0,0,0,0,0,0,0,0,0,0,0,0,463,-20
0,0,1,-1,-1,1,0,2,0,0,-1,1,0,-2,2,2,464,40
-1,-1,0,1,1,1,1,1,1,1,1,2,1,1,2,2,465,30
0,0,-1,0,0,0,0,-1,0,0,0,0,0,0,0,0,466,0
1,1,0,1,0,0,0,0,1,1,1,1,0,0,0,1,467,50
0,0,0,0,0,0,0,0,0,0,0,0,0,0,0,0,468,0
0,0,1,1,1,2,0,-1,1,0,0,2,2,1,0,2,469,20
0,1,0,1,0,0,1,0,0,0,0,-2,0,0,0,0,470,0
-1,0,1,-2,0,-1,-1,0,-1,0,-1,0,0,0,0,0,471,20
0,0,0,0,0,0,0,0,0,0,0,0,0,0,0,0,472,50
0,0,0,-1,0,0,0,0,0,0,0,1,0,0,0,0,473,40
0,0,0,0,0,0,0,0,0,0,0,0,0,0,0,0,474,0
2,2,2,2,2,2,2,2,2,2,2,2,2,2,2,2,475,30
0,1,-1,-1,-1,-1,-2,-2,-1,1,0,-1,2,-1,1,-2,476,30
-1,0,1,2,1,1,0,0,0,1,1,1,2,0,0,-1,477,50
1,0,0,1,0,0,1,1,0,2,2,1,1,0,1,2,478,40
1,0,1,1,2,1,0,-1,-1,0,-1,1,0,2,1,2,479,20
0,0,0,1,1,0,-1,0,0,0,-2,-1,2,-1,0,0,480,0
0,1,1,0,0,0,0,0,1,-1,0,-1,1,-1,-2,2,481,0
2,1,1,1,2,1,2,2,1,2,1,2,1,2,1,2,482,30
1,1,2,1,0,0,0,1,1,0,0,1,-1,0,0,1,483,-10
-2,-1,-2,-1,-1,-2,-1,-1,-1,-1,-1,0,0,0,0,0,484,0
-1,0,1,0,1,2,1,0,1,0,1,0,-1,0,0,1,485,30
2,0,1,0,0,0,0,-1,0,0,0,0,-1,0,1,1,486,0
0,0,0,0,0,1,-1,0,0,0,1,0,1,1,2,0,487,30
-1,0,-1,1,1,0,1,1,0,1,1,0,1,0,1,1,488,10
0,-1,0,1,0,1,0,0,-1,0,0,0,1,0,0,1,489,50
0,0,0,0,0,0,-1,0,0,0,0,0,0,0,0,0,490,-20
0,0,0,0,0,0,-1,2,0,0,0,0,0,0,0,1,491,0
-2,-1,-1,-1,-1,-1,-2,-1,-1,-1,-1,-2,-1,-2,-1,-2,492,-50
1,2,2,2,1,2,1,-1,-1,0,-1,2,2,2,1,2,493,20
1,0,1,0,0,0,0,0,0,0,0,1,0,2,0,1,494,50
-2,2,-2,0,-2,0,-2,-2,2,0,0,0,0,0,0,0,495,30
0,0,0,0,0,0,-1,0,0,-1,1,0,0,0,0,0,496,0
-1,-1,0,0,0,0,1,1,0,1,1,1,2,1,0,2,497,30
0,0,0,0,0,0,0,-1,0,0,-1,1,-2,0,0,0,498,0
1,0,0,1,0,-1,-1,0,0,0,1,1,1,1,0,0,499,30
0,-1,0,0,1,0,1,1,1,-1,-1,1,1,0,0,0,500,30
0,0,0,0,0,0,0,0,0,0,0,0,0,0,0,0,501,0
1,1,1,1,1,1,2,1,1,0,1,0,1,1,1,1,502,0
0,0,0,-1,0,1,0,0,0,-2,0,0,-1,0,0,-1,503,30
1,-1,1,-1,0,-1,-1,2,0,0,-1,0,0,0,0,-1,504,0
-2,1,0,2,1,0,0,-1,1,-1,0,-2,-2,1,1,1,505,50
0,0,1,-1,0,1,0,-1,-1,0,1,1,-2,-1,2,0,506,-20
1,0,1,1,1,1,1,1,1,1,0,1,1,1,1,1,507,20
0,0,1,0,0,1,-2,0,0,0,0,-1,0,0,0,0,508,30
0,0,1,1,1,0,1,1,1,0,0,1,1,1,1,1,509,20
2,2,2,2,2,2,2,2,2,2,2,2,2,2,2,2,510,-30
0,0,0,0,0,0,0,0,0,0,0,0,0,0,0,0,511,0
-1,-1,0,0,0,-1,0,-1,-1,-1,0,0,0,-1,-1,-1,512,40
1,1,0,0,0,1,2,1,1,2,0,1,2,1,1,0,513,40
0,1,0,2,0,0,0,0,0,0,0,1,1,0,2,0,514,50
0,0,1,2,1,1,2,2,1,1,2,2,2,2,1,2,515,20
0,1,1,0,1,1,0,0,1,0,0,1,0,0,1,1,516,30
0,1,2,1,1,1,2,0,1,1,1,1,1,1,1,1,517,30
0,-1,0,0,-1,0,0,1,0,0,0,1,-1,1,0,-1,518,20
2,0,0,-1,0,0,-1,0,0,0,0,1,-2,0,0,2,519,50
0,-2,-2,-2,0,-2,-2,0,-2,0,1,2,-1,0,0,-1,520,20
0,0,0,1,1,-1,-1,0,0,-1,1,-1,1,0,0,1,521,20
1,1,1,1,1,1,1,1,0,0,0,0,0,0,0,0,522,30
0,0,0,0,0,1,0,0,0,0,0,0,0,0,-1,0,523,30
0,0,0,0,0,0,0,0,0,0,0,0,0,0,0,0,524,0
-1,1,1,-1,-1,1,-2,1,1,-1,1,1,0,1,1,1,525,50
0,-1,0,-1,1,1,0,-1,0,0,0,1,-1,-1,2,0,526,20
0,1,0,-1,-1,0,0,0,0,0,0,0,1,1,0,1,527,50
0,0,0,0,0,0,0,0,0,0,0,0,0,0,0,0,528,0
0,1,1,1,0,0,0,-1,0,0,0,1,0,1,0,1,529,50
0,-1,0,0,0,0,-2,-2,-1,0,1,1,0,0,1,-2,530,50
-1,0,-2,-2,2,0,-1,-1,0,-1,-2,0,-2,-1,-1,-1,531,30
1,2,1,1,1,2,1,1,1,1,1,1,2,1,1,2,532,20
0,0,0,0,0,0,0,0,0,0,0,0,-1,0,0,0,533,30
0,0,0,-2,0,0,-1,0,-2,0,-2,-1,-1,0,-2,1,534,30
2,1,2,2,0,0,0,0,1,0,1,1,1,1,1,1,535,40
0,0,0,0,2,0,0,2,0,0,0,0,0,0,0,0,536,40
2,1,1,2,2,1,0,2,0,1,2,2,2,1,0,1,537,50
0,1,1,0,1,0,1,0,-1,0,1,0,0,2,0,0,538,10
0,0,0,0,0,0,0,0,0,0,0,0,0,0,0,0,539,-20
0,0,0,1,1,1,0,0,0,0,1,-2,-1,1,0,2,540,0
1,0,0,0,0,1,0,0,1,1,0,0,0,0,0,0,541,0
0,1,0,0,0,1,0,1,1,1,0,1,1,0,1,1,542,50
0,0,0,0,0,-2,0,0,0,-1,0,-1,0,0,0,0,543,-20
-1,1,1,0,1,1,0,0,0,-1,0,-1,-1,0,1,0,544,0
0,0,0,0,0,0,0,2,0,0,0,1,0,0,0,0,545,40
-1,-1,-2,0,0,0,0,0,0,-1,1,1,0,1,0,0,546,30
1,1,1,0,2,1,1,0,1,0,0,1,1,0,2,1,547,50
1,2,1,1,2,2,1,1,1,1,2,1,1,1,2,1,548,40
0,0,0,0,0,0,0,0,0,0,0,0,0,0,0,0,549,50
1,0,1,1,2,1,1,2,1,2,1,1,2,1,2,2,550,10
0,0,0,0,0,0,0,0,0,0,0,0,0,0,0,0,551,50
-1,-1,-1,1,1,-1,-2,2,-2,1,-1,-1,1,0,0,1,552,-30
1,0,-1,0,1,0,1,1,1,0,0,1,-1,0,1,0,553,40
0,-1,-2,0,-2,-1,0,1,-1,1,0,0,-1,-2,-2,2,554,30
0,1,0,0,0,0,-1,1,1,0,1,1,0,0,0,0,555,30
0,0,0,-1,0,0,0,0,0,0,0,0,0,0,0,0,556,50
0,0,0,-1,0,-1,0,0,0,-1,0,0,0,0,0,0,557,-10
1,0,0,1,1,1,1,1,0,1,0,1,0,0,1,1,558,0
0,0,0,0,0,0,0,0,0,0,0,0,0,0,0,0,559,50
1,0,1,0,0,0,0,0,0,0,0,0,-2,0,0,0,560,30
0,-1,-1,1,0,1,-2,0,-1,0,-2,-1,1,0,1,-1,561,-10
0,0,1,2,0,1,0,-2,2,0,1,1,0,2,1,1,562,40
0,0,-2,-2,-1,-2,0,-1,-2,-2,-2,0,0,-2,0,0,563,20
1,1,0,2,1,0,1,2,0,2,1,1,1,0,2,2,564,0
1,2,1,1,2,2,1,1,2,1,1,1,2,1,2,1,565,30
1,1,1,1,1,1,1,1,1,1,1,1,1,1,1,1,566,40
1,-1,0,-1,-1,0,-1,1,0,0,-1,-1,1,1,0,1,567,30
0,0,1,1,1,1,1,0,1,0,1,1,0,1,1,1,568,20
0,0,0,0,0,0,0,0,0,0,0,0,0,0,0,0,569,50
0,0,0,0,0,0,0,0,0,0,0,-1,0,0,0,0,570,-10
0,0,0,0,0,0,0,0,0,0,0,1,0,0,0,0,571,0
0,0,1,1,2,1,-2,-2,2,1,1,2,1,0,0,0,572,-10
1,0,0,1,0,0,0,0,1,0,1,1,0,1,0,1,573,30
0,-2,0,-2,0,-2,-1,-1,0,1,-1,0,0,0,-1,0,574,0
0,0,0,1,1,0,0,0,0,0,1,1,0,0,0,0,575,20
-1,-1,1,0,0,0,-2,0,0,0,0,0,0,0,0,0,576,20
0,1,1,0,-1,0,1,1,-2,1,-1,1,0,1,-1,0,577,30
0,0,0,0,0,0,0,0,0,0,0,0,0,0,0,0,578,50
2,1,2,2,2,-1,0,0,0,0,-1,2,2,0,2,0,579,-10
1,0,0,1,1,0,1,0,1,1,1,0,1,0,1,0,580,0
1,1,1,2,2,2,2,2,1,1,1,1,1,1,1,1,581,40
1,1,0,1,1,0,0,1,0,1,2,2,1,2,1,2,582,20
0,0,0,0,0,0,-1,0,0,-1,0,0,0,0,0,0,583,0
1,0,-2,-2,-1,-1,-2,-1,0,-1,-2,-2,0,-2,0,0,584,-30
2,1,2,1,2,2,2,2,2,2,1,2,2,2,1,2,585,50
0,0,0,0,0,0,0,0,0,0,0,0,0,0,0,0,586,0
0,0,0,0,0,0,0,0,0,0,0,0,0,0,0,0,587,10
0,0,0,0,1,0,0,1,1,0,1,1,1,1,0,0,588,0
0,-1,0,-1,0,-1,1,0,0,0,0,0,1,0,-1,-1,589,0
0,0,0,0,0,1,1,0,0,1,1,1,1,1,1,1,590,10
0,1,1,2,1,0,1,0,1,0,2,0,2,1,1,2,591,30
0,0,0,0,0,0,0,0,0,0,0,0,0,0,0,0,592,30
0,-1,1,2,0,0,-2,1,0,0,-1,-2,0,0,1,0,593,-20
0,1,-1,-1,0,0,-1,1,0,1,-1,-1,1,0,0,0,594,20
0,0,0,-1,-2,-1,-1,0,0,-1,-2,1,-1,0,1,2,595,40
2,2,2,2,2,2,2,2,1,0,0,2,0,0,-2,-1,596,50
1,0,0,1,1,1,0,0,0,0,1,0,0,0,1,1,597,50
2,1,1,2,0,1,1,0,0,0,0,0,0,0,0,2,598,50
1,0,0,-1,-1,0,1,1,1,0,-1,0,0,1,1,0,599,20
0,0,0,0,0,0,0,2,0,0,0,0,-1,0,0,0,600,10
0,0,0,-2,0,0,-2,0,0,0,0,-1,0,0,-2,0,601,0
0,1,0,0,0,0,1,1,1,0,1,1,0,1,1,1,602,0
0,1,0,-1,0,1,0,0,1,-1,0,0,1,0,1,-1,603,-10
2,1,1,0,1,2,1,0,0,1,2,1,1,0,2,-1,604,40
1,1,1,1,1,1,1,0,1,1,1,1,1,1,1,1,605,50
0,0,0,0,0,0,0,0,0,0,0,0,0,0,0,0,606,-50
0,0,0,0,0,0,0,0,0,0,0,0,0,0,0,0,607,0
-1,-1,-2,-2,-2,-2,-1,-1,0,-2,-2,-1,0,0,-1,0,608,0
2,2,2,2,0,2,2,2,0,0,2,2,0,0,0,2,609,30
2,0,0,-2,0,-1,0,-1,0,1,-1,-1,0,0,0,0,610,20
1,0,1,1,-2,1,1,0,0,0,1,-1,0,0,0,0,611,30
0,0,0,1,0,0,0,0,0,0,0,0,-1,0,0,0,612,50
0,0,0,1,1,0,0,0,1,0,1,1,1,0,0,0,613,30
-1,1,2,2,0,1,2,1,2,1,2,0,1,2,1,2,614,20
1,0,0,2,2,1,1,1,2,1,1,2,0,1,-1,1,615,40
0,0,0,0,0,0,0,0,-2,0,0,0,-2,0,0,0,616,-10
0,0,0,0,0,0,0,0,0,0,0,0,0,0,0,-1,617,0
1,2,0,1,1,0,1,0,0,0,0,1,2,0,1,1,618,20
-1,1,1,2,1,0,1,1,0,1,0,0,0,1,1,0,619,-50
0,0,0,0,0,0,0,0,-1,0,0,0,0,0,0,0,620,0
0,0,0,0,0,0,0,0,0,0,0,1,1,0,1,0,621,-10
0,0,0,0,0,0,0,0,0,0,0,0,0,0,0,0,622,0
0,0,0,0,0,0,0,0,0,0,0,0,0,0,0,0,623,50
0,1,1,0,1,1,0,0,1,1,1,0,1,1,1,0,624,30
-1,-2,0,1,-1,0,-2,1,1,1,0,2,1,1,-1,1,625,30
2,1,0,-1,2,1,1,0,2,1,1,1,0,1,0,2,626,20
1,0,1,-2,-2,-2,0,-2,2,0,2,1,1,1,1,1,627,40
0,-1,0,0,0,0,0,0,-1,0,0,0,0,0,0,0,628,-30
0,2,2,2,2,2,2,2,2,1,2,0,2,1,2,2,629,10
0,0,0,-1,0,0,-1,0,0,0,0,-2,0,-1,-1,0,630,-20
1,2,-1,-2,0,-1,-2,0,1,-2,-1,0,-1,0,0,1,631,20
0,0,0,0,1,0,0,2,-1,-1,0,-2,-2,-2,1,-2,632,40
0,-1,0,-1,-1,0,0,-2,-1,0,0,-1,-1,-1,-1,0,633,30
1,1,2,1,2,1,1,2,2,2,2,1,1,1,2,1,634,40
0,-1,0,0,0,-1,0,0,0,-1,0,-1,-1,0,-1,0,635,30
0,0,0,0,0,0,0,0,0,0,0,0,0,0,0,0,636,0
1,2,0,1,2,1,2,1,2,1,0,2,2,1,1,1,637,40
0,0,-2,-2,0,-2,-2,0,0,-2,0,-2,0,0,0,0,638,-50
-1,1,1,0,0,0,0,-1,0,0,0,0,0,0,0,0,639,50
1,0,2,0,0,0,0,0,1,0,1,1,0,1,0,1,640,20
1,1,1,1,-2,1,0,-2,1,0,1,1,1,1,1,1,641,20
0,0,0,1,0,0,0,0,0,0,0,0,0,0,0,0,642,20
0,-1,0,1,0,0,-1,0,0,-1,-1,0,1,0,0,0,643,0
0,-2,-2,-2,-1,-1,-1,1,-1,0,0,0,0,-1,0,-1,644,30
0,-1,-1,2,-1,0,0,2,1,0,0,0,0,0,0,0,645,30
1,0,1,1,1,0,1,0,0,0,-1,-1,0,1,0,-2,646,30
0,0,1,0,0,0,0,0,0,0,0,0,1,0,0,0,647,20
0,0,0,0,-2,0,0,0,0,0,1,-2,0,0,0,0,648,0
0,0,0,-2,0,-1,0,0,-1,-1,-2,-1,-1,0,-2,0,649,40
2,2,2,2,2,1,2,1,1,1,1,1,1,1,2,2,650,10
0,-2,-2,-2,0,-2,-1,1,-1,0,0,1,-1,-1,0,1,651,30
0,0,-1,-2,1,-1,-2,-1,0,0,-2,-2,2,0,0,-1,652,-30
1,-2,0,-1,-1,1,-1,0,-2,1,0,0,-1,-2,1,0,653,30
1,1,1,1,1,1,1,1,0,1,0,0,0,0,1,0,654,50
0,0,0,1,1,1,-1,2,1,1,0,1,1,0,0,2,655,40
1,0,0,0,0,0,0,2,0,0,0,1,0,0,1,2,656,30
0,0,0,0,0,0,0,2,0,0,0,0,0,0,0,0,657,50
0,0,0,0,0,0,0,0,0,0,0,0,0,0,0,0,658,0
0,0,1,0,0,0,0,0,1,0,0,0,0,0,0,0,659,20
-2,0,-2,-1,0,1,0,0,0,1,-2,-1,0,1,1,-1,660,30
0,1,0,0,-2,0,0,-2,0,0,0,0,0,0,1,0,661,30
1,2,1,2,1,2,1,2,1,2,1,1,2,1,2,2,662,40
0,-1,2,1,0,2,-1,-2,-1,0,-1,0,0,0,1,-1,663,0
0,0,0,0,0,0,0,0,0,0,0,0,0,0,0,0,664,20
0,0,0,0,0,0,0,0,0,0,0,0,0,0,0,0,665,0
0,0,0,0,0,0,0,0,0,0,0,0,0,0,0,0,666,0
-2,1,1,1,1,1,0,0,-1,-2,-2,1,1,1,1,1,667,40
0,1,1,1,0,0,0,0,0,0,1,0,0,0,0,1,668,30
0,0,1,1,0,0,-1,1,0,0,1,-1,0,0,0,0,669,20
1,0,-1,-1,-2,1,0,0,0,0,1,-1,0,0,-1,1,670,-30
0,1,1,-1,0,0,-1,0,-1,0,0,-1,0,0,0,0,671,10
0,0,0,0,0,0,0,0,0,0,0,0,0,0,0,0,672,50
0,0,0,0,0,0,0,0,0,0,0,0,0,0,0,0,673,20
0,1,0,0,0,0,1,0,0,0,1,1,1,1,1,1,674,0
0,0,0,0,0,0,0,2,0,0,0,1,1,0,0,2,675,30
0,0,1,-1,0,0,0,0,0,-1,0,-1,0,0,0,0,676,-50
0,0,0,-1,-1,0,-1,0,0,0,-1,-1,0,-1,0,0,677,40
0,0,0,0,0,0,0,0,0,0,0,0,0,0,0,0,678,0
1,2,2,0,0,0,0,0,0,0,2,1,1,0,0,0,679,0
0,0,0,0,0,0,0,0,0,-1,-1,0,0,0,0,0,680,0
0,-1,0,-1,-2,-1,-1,-2,-1,-1,0,0,0,0,-2,1,681,-20
0,1,0,0,-1,0,1,0,0,0,0,-1,0,0,0,0,682,-20
0,0,0,-1,0,0,-1,1,0,0,0,0,0,0,1,0,683,0
1,0,0,0,0,-1,-1,0,-1,0,-1,0,0,0,0,1,684,20
0,0,0,0,0,0,0,0,0,0,0,0,0,0,0,0,685,0
0,0,0,0,0,0,0,0,0,1,0,0,0,0,0,0,686,0
0,0,-1,-1,0,-1,-1,0,-1,-1,1,-1,0,1,0,1,687,20
1,2,2,1,1,1,0,1,2,1,1,1,0,2,2,1,688,50
0,0,0,-2,-1,0,-2,-1,0,-1,-1,0,0,0,0,0,689,30
0,2,0,2,0,-2,0,0,0,0,1,2,0,2,0,2,690,0
1,1,0,1,0,1,0,0,1,1,0,1,0,1,1,0,691,20
0,0,0,0,0,-1,-1,-1,0,0,0,0,0,0,0,0,692,0
1,0,-1,-1,-1,-1,-2,-2,-1,-2,0,0,0,0,0,-1,693,40
1,0,0,1,0,0,0,0,0,0,0,0,0,0,1,0,694,20
0,0,0,0,0,0,0,0,0,0,0,0,0,0,0,0,695,30
0,0,1,1,1,0,0,1,0,0,1,1,1,0,0,1,696,0
0,0,0,0,0,0,0,0,-1,0,0,0,0,0,0,0,697,-20
-2,-1,0,0,0,0,0,0,1,1,1,1,1,1,1,1,698,-30
0,0,0,1,0,0,0,0,0,0,-1,0,0,0,0,0,699,-10
0,-1,0,0,0,-1,0,0,0,0,-1,0,0,0,0,0,700,-30
0,0,-1,-1,0,-1,0,0,1,0,2,0,2,0,0,0,701,0
0,0,0,0,0,0,0,0,0,0,0,0,0,0,0,0,702,0
-1,0,0,0,0,0,-2,-2,0,-2,0,0,0,0,0,0,703,30
1,-1,-1,-1,-1,-1,-1,-1,-1,-1,-1,0,0,0,0,0,704,0
0,0,0,0,0,0,0,0,0,0,0,0,0,0,0,0,705,50
0,0,0,0,0,0,0,0,0,-2,0,-1,0,0,0,0,706,-50
0,0,0,0,0,0,0,0,0,0,2,2,0,2,0,0,707,-20
0,1,0,0,-1,0,-1,1,0,0,0,0,-1,0,0,0,708,30
0,0,0,0,0,0,0,1,0,0,0,0,0,0,0,0,709,20
0,-1,-2,-2,-1,-2,-2,2,0,-2,-2,-1,0,0,-2,0,710,-40
0,0,0,0,0,0,0,0,0,0,0,0,-1,0,0,0,711,50
0,0,0,0,0,0,0,0,0,0,0,0,0,0,0,0,712,40
0,0,1,0,0,0,0,0,0,0,0,1,1,0,-1,-1,713,20
0,0,0,0,0,0,0,0,0,0,0,-1,0,0,0,1,714,20
0,0,0,0,0,0,0,0,0,0,0,0,0,0,0,0,715,0
-2,-1,0,2,0,1,-2,-1,0,-1,-2,-1,0,-2,0,-1,716,-10
0,0,0,0,0,0,-1,0,0,-1,0,0,0,0,1,0,717,20
1,0,0,-1,0,0,0,0,0,-1,0,0,0,0,0,0,718,10
1,0,0,0,0,0,0,-1,0,0,0,0,0,0,0,0,719,50
0,0,1,2,0,0,0,0,1,0,0,2,-1,0,1,2,720,20
0,0,0,0,0,1,0,0,0,0,-1,0,0,0,0,0,721,0
0,0,1,1,1,1,0,0,-2,1,0,0,1,0,0,0,722,50
0,-1,-1,-1,-1,-1,-2,0,-2,-2,-2,-1,0,-1,-1,-1,723,30
0,0,0,1,-1,0,-1,0,0,0,0,0,0,0,0,0,724,0
0,0,0,-1,-1,0,0,-1,0,0,-1,0,0,0,0,0,725,0
0,0,0,0,0,-1,-1,-1,0,0,0,0,0,0,0,0,726,0
0,1,2,0,1,2,-2,-1,1,0,1,1,0,1,1,1,727,20
0,0,0,0,-1,-1,-1,0,0,0,0,-1,0,0,-1,0,728,50
0,0,0,0,0,0,0,0,1,0,0,0,0,0,1,0,729,20
0,1,0,0,0,-1,0,0,0,2,1,0,-1,0,-2,0,730,0
0,-1,-1,-1,0,-1,0,1,-1,0,0,1,0,0,0,0,731,10
0,0,0,0,0,0,0,0,0,0,0,0,0,0,0,0,732,20
0,-1,0,0,0,0,-1,-1,-1,0,0,0,0,0,0,0,733,10
0,0,0,0,0,0,0,0,0,0,0,0,0,0,0,0,734,20
2,0,0,-1,0,0,-1,1,0,0,0,0,0,0,1,0,735,30
0,0,0,0,-2,-2,0,0,0,0,0,0,0,0,0,0,736,0
0,-2,-1,1,0,2,0,-2,-2,1,0,0,-1,0,0,-1,737,20
-2,0,1,0,1,1,-1,-1,0,0,-1,0,0,0,1,1,738,0
0,-1,-1,0,0,0,-1,0,0,0,0,0,0,0,0,0,739,30
0,0,0,0,0,0,0,0,0,0,0,0,-1,0,0,2,740,10
0,1,0,1,-1,0,1,0,1,-2,1,2,0,2,1,1,741,0
0,1,0,1,1,0,0,0,0,0,0,-1,0,0,0,0,742,-20
-1,-1,0,0,0,0,0,0,0,1,0,0,0,0,0,0,743,0
0,0,0,0,0,0,0,0,0,0,0,0,0,0,0,0,744,-10
-1,0,0,0,0,0,0,0,0,-1,0,0,0,0,0,0,745,40
0,0,0,0,0,0,0,0,0,0,0,0,0,0,0,0,746,0
1,0,0,0,0,-1,0,0,1,0,0,1,0,0,1,0,747,0
0,0,0,0,0,0,-1,1,0,0,0,-1,-1,1,0,0,748,20
0,0,0,1,-1,0,-1,1,-1,0,1,-1,1,0,1,-1,749,-10
0,0,0,0,0,0,0,0,0,1,0,0,0,0,0,0,750,0
0,1,1,1,0,1,-1,0,1,0,0,0,1,0,0,0,751,0
0,0,0,0,0,0,0,0,0,0,0,0,0,0,0,0,752,50
0,0,1,0,0,0,0,0,0,0,0,0,0,0,0,0,753,10
0,0,0,-1,0,-1,-2,0,-1,-2,-1,0,1,0,-1,0,754,50
0,0,0,0,0,0,0,0,0,0,0,0,0,0,0,0,755,0
0,1,2,2,2,2,2,2,0,0,2,0,0,0,2,2,756,50
0,0,0,0,0,0,0,0,0,0,0,1,0,0,0,0,757,0
0,0,-1,-1,-1,-1,-1,0,0,-1,-2,0,2,-2,0,1,758,50
0,1,-1,-2,0,0,-1,1,0,1,-1,0,0,-2,-2,2,759,50
1,1,1,2,1,1,1,0,1,1,2,1,0,1,1,1,760,-10
2,1,1,2,2,2,1,2,2,2,2,2,1,2,1,1,761,50
0,0,0,0,0,0,-2,-1,0,-2,-1,-1,0,-1,0,-1,762,-10
1,1,1,1,1,1,1,-1,1,1,1,1,1,1,1,1,763,0
1,1,0,0,1,1,0,1,0,-1,0,0,0,1,-1,0,764,30
0,0,0,0,0,0,0,0,0,0,0,0,0,0,0,0,765,0
0,0,1,0,0,0,0,1,0,0,1,1,0,-1,0,1,766,30
1,1,1,2,2,2,-2,0,1,0,1,1,1,0,2,0,767,20
2,2,1,2,2,1,2,2,2,1,1,2,2,2,2,1,768,50
0,0,0,0,0,1,0,1,0,0,0,0,0,0,0,0,769,0
1,0,1,-1,0,1,0,0,0,-1,2,0,0,0,0,1,770,-20
0,0,-1,0,0,0,0,0,0,0,1,0,0,0,0,0,771,0
1,0,0,1,1,1,1,2,1,1,1,1,1,1,1,1,772,30
0,0,0,0,0,0,0,0,0,0,0,0,0,0,0,0,773,0
0,0,0,0,0,0,0,0,0,0,0,0,0,0,0,0,774,-30
0,-1,0,-1,0,0,-1,0,1,0,0,1,0,0,0,0,775,20
0,0,-1,-1,-2,0,-2,-1,0,0,0,-1,0,1,0,0,776,50
0,1,0,1,0,0,0,1,0,1,2,0,0,0,1,1,777,0
2,1,1,0,2,1,1,2,2,0,1,2,1,2,2,1,778,40
0,0,0,0,0,0,0,0,0,0,0,0,-1,0,0,0,779,30
0,1,0,0,0,0,0,0,0,0,0,0,-1,0,0,1,780,-20
-1,-1,-2,-2,-2,-1,-1,-2,0,0,-2,-1,0,0,-2,-2,781,30
2,0,0,1,0,0,0,0,1,0,0,0,1,0,1,0,782,30
0,0,-1,-1,-1,-1,-1,-1,-1,0,-1,-1,0,-1,0,-1,783,-10
1,1,0,0,0,0,0,0,0,0,0,1,1,0,0,1,784,20
1,2,1,1,2,1,1,2,1,2,2,1,1,1,2,1,785,40
0,0,0,0,0,0,-2,0,0,0,0,0,0,0,0,0,786,-40
0,0,0,1,1,1,1,1,1,1,0,1,0,1,1,0,787,50
0,0,-1,-1,0,0,-1,0,-1,0,-1,0,0,-1,0,0,788,0
0,0,1,-1,0,0,0,0,0,0,0,0,0,0,0,0,789,40
0,0,0,0,0,0,0,0,-1,0,0,0,0,0,0,0,790,50
0,0,0,-1,-1,0,-1,1,0,0,0,1,1,0,0,1,791,20
0,0,1,1,0,0,-1,-1,-2,1,-1,0,1,0,0,0,792,30
0,0,0,0,0,0,-1,-1,-1,0,1,0,0,0,0,0,793,0
0,0,0,-2,-2,0,-2,-2,0,0,0,-2,0,0,0,-1,794,-40
-1,-1,-1,-1,0,0,-1,-1,-1,-1,-1,-1,-1,1,0,-1,795,0
0,0,1,0,0,0,0,0,0,0,0,0,0,0,0,0,796,0
1,2,1,2,1,2,1,1,1,1,2,1,2,1,2,2,797,20
-1,0,0,0,0,0,0,0,0,0,-1,-1,0,0,0,0,798,-50
0,0,-1,0,0,0,0,0,0,0,0,0,0,0,0,0,799,0
0,0,0,0,0,0,0,0,0,0,0,0,0,0,0,0,800,50
2,2,2,1,2,2,1,2,1,2,2,2,2,1,2,2,801,50
0,1,2,0,0,-2,0,0,0,0,-1,0,1,0,0,0,802,0
0,0,0,0,0,0,0,0,0,0,2,-2,0,2,0,0,803,50
0,0,0,-2,0,0,-2,0,-1,-1,0,0,0,0,0,0,804,-50
0,1,1,1,0,1,0,0,0,1,1,1,1,0,0,0,805,20
0,1,0,1,0,0,1,1,0,0,1,1,1,0,1,1,806,20
0,0,0,0,0,0,-1,1,0,0,0,-2,1,0,0,-1,807,50
0,-1,-2,-2,-2,-2,0,0,-2,0,0,-1,-1,0,-1,-1,808,-20
1,0,1,-1,0,1,-2,0,1,0,1,-1,0,1,1,1,809,20
2,2,2,2,2,2,2,2,2,2,2,2,2,2,2,2,810,50
0,0,0,0,0,0,0,0,0,0,0,0,0,0,0,0,811,50
0,0,0,0,0,0,0,0,0,0,0,0,0,0,0,0,812,-50
0,0,0,0,0,0,-1,2,0,0,1,0,0,0,0,0,813,40
-1,2,-1,1,0,0,1,0,0,0,1,0,-1,1,0,1,814,10
2,2,2,2,0,1,-2,0,1,0,-1,1,1,0,2,2,815,20
0,-2,-1,0,1,2,1,0,0,-1,-1,-1,1,-2,2,0,816,30
0,0,0,0,0,0,0,0,0,0,0,0,0,0,0,0,817,30
0,0,0,0,0,0,0,0,0,0,0,0,0,0,0,0,818,0
1,0,1,1,0,1,0,1,1,0,0,1,2,1,1,2,819,-10
0,0,0,0,-2,0,0,0,0,0,0,0,0,0,0,0,820,0
0,0,0,0,0,-1,0,1,0,0,0,0,0,0,0,0,821,0
0,0,0,0,1,1,0,0,0,0,0,1,0,0,0,0,822,20
2,-1,0,0,0,0,0,2,1,0,2,0,1,2,0,2,823,30
0,1,1,0,1,2,0,1,1,0,1,0,1,1,0,2,824,10
0,-1,0,-2,-2,-2,-2,1,-2,-2,-1,-2,0,-1,1,-1,825,-20
0,0,1,0,-1,1,0,0,0,0,1,1,-2,-1,0,1,826,30
0,0,0,1,-2,0,-1,0,0,0,1,1,0,0,0,0,827,40
2,2,2,2,2,2,2,2,2,2,2,2,0,2,2,2,828,50
0,2,0,1,0,0,0,0,0,1,0,-1,0,0,0,0,829,10
0,0,1,0,0,0,0,1,0,0,0,0,-1,1,0,0,830,50
-1,0,0,-1,0,0,0,-1,0,-2,-2,0,-2,-1,1,-1,831,-20
1,2,1,-2,-1,-2,-2,0,0,0,-2,-1,-1,-1,-1,-2,832,0
1,1,1,0,0,0,0,1,0,1,0,1,0,0,0,-1,833,20
0,0,1,1,1,1,-1,0,0,1,1,0,1,0,1,-1,834,50
0,-1,1,1,0,1,0,-2,0,0,0,0,0,0,1,0,835,0
0,0,0,0,0,0,0,0,0,0,0,0,0,0,0,0,836,20
1,0,0,1,1,0,0,-1,0,0,1,1,1,0,0,1,837,50
0,0,0,0,0,0,0,0,0,0,-1,0,1,0,0,0,838,10
0,0,0,0,0,0,0,0,0,0,0,0,0,0,0,0,839,0
2,0,1,0,0,1,0,-1,0,0,1,0,0,1,1,1,840,30
0,0,1,1,1,0,-1,0,0,-1,1,1,-1,0,0,1,841,20
0,0,0,0,0,0,0,-1,0,0,0,0,0,0,0,0,842,-10
0,0,1,1,0,1,-1,1,0,1,-1,1,0,0,1,1,843,50
-2,-1,1,2,1,2,-1,-1,1,0,-1,0,-2,2,-1,0,844,0
1,0,1,1,2,0,1,2,1,2,1,2,0,0,1,0,845,30
0,1,2,1,0,2,0,0,0,0,1,2,-1,2,2,2,846,-30
0,0,0,0,0,0,0,1,1,-2,1,1,1,0,0,1,847,40
0,0,0,0,0,0,0,0,0,0,0,0,0,0,0,0,848,0
-1,0,0,1,0,0,1,-1,0,0,-1,0,1,-1,-1,0,849,20
1,1,0,1,1,0,0,1,1,1,2,1,1,1,1,0,850,10
0,-1,-1,-1,-2,0,-2,0,0,0,0,1,-2,0,-1,0,851,20
0,0,0,0,0,-2,0,-1,0,0,0,1,0,0,1,0,852,50
1,1,1,0,0,0,-1,-1,1,1,1,0,1,1,1,1,853,50
1,1,-1,1,0,0,0,0,0,0,0,-1,-2,1,-1,0,854,-20
-1,0,-1,-2,-1,-2,-1,0,0,-1,-2,-1,0,-1,-1,-1,855,-20
1,1,2,1,0,1,0,-1,0,-1,-1,1,-1,0,0,2,856,40
1,1,1,1,1,1,0,0,1,1,0,2,1,1,1,1,857,50
0,0,2,1,-1,0,0,-2,1,-1,0,0,1,0,0,0,858,40
1,0,-1,-1,-2,-1,0,-2,0,-2,1,0,-1,1,-2,1,859,-20
0,0,0,0,-2,0,-2,-1,0,0,0,0,0,2,0,0,860,0
0,0,0,-2,0,-2,-1,0,0,0,-1,-1,0,-2,0,0,861,0
2,2,2,2,2,2,2,2,2,2,2,2,2,2,2,2,862,50
0,0,1,1,0,0,1,0,0,0,1,-1,0,1,0,0,863,-20
1,0,1,0,0,0,0,0,0,0,0,0,0,0,0,1,864,50
1,1,1,2,1,2,0,1,2,0,2,1,1,0,1,2,865,30
0,0,-1,-2,-2,-1,-1,0,0,0,0,-2,-1,1,0,-1,866,-10
-2,0,0,1,0,0,0,0,0,0,2,0,-2,-2,0,0,867,50
0,0,0,0,0,-2,-2,0,0,0,0,0,0,0,0,0,868,30
0,0,0,0,0,0,0,0,0,0,0,0,0,0,0,0,869,30
0,0,0,0,0,0,0,0,0,0,0,0,0,0,0,-1,870,0
0,0,0,0,0,0,1,0,1,0,0,0,0,0,0,0,871,20
0,0,0,0,0,0,0,0,0,0,0,0,0,0,0,0,872,0
0,0,0,0,0,0,0,0,0,0,0,0,0,0,0,0,873,0
2,2,1,2,2,1,2,2,1,2,2,1,2,2,2,2,874,0
0,0,0,0,0,1,0,0,0,0,0,0,0,0,1,0,875,-20
0,0,0,-1,0,0,-1,0,0,0,0,-1,0,0,0,0,876,-20
1,1,1,1,1,0,0,0,1,1,1,1,1,0,1,1,877,10
0,0,1,1,0,1,0,0,1,1,0,0,0,0,2,0,878,0
0,-1,-2,2,0,1,0,0,1,0,1,1,0,1,0,-2,879,40
0,1,0,0,0,0,-1,0,0,0,1,0,1,0,0,0,880,10
0,1,1,1,0,1,1,0,0,0,0,1,1,0,1,0,881,20
2,2,1,2,2,1,2,2,2,2,2,1,2,1,2,2,882,0
2,2,2,2,2,2,2,2,2,2,2,2,2,2,2,2,883,50
0,0,0,0,0,0,0,0,0,0,0,0,0,0,0,0,884,50
0,0,0,0,0,0,0,0,0,0,0,0,0,0,0,0,885,0
2,1,0,0,0,0,-1,0,0,0,0,0,0,0,0,2,886,0
1,1,2,1,0,1,0,2,2,0,1,1,0,0,0,0,887,0
1,1,0,-1,-1,0,-1,-1,0,0,0,-1,0,0,0,0,888,-20
0,-1,0,1,0,-1,0,1,1,1,0,1,2,0,0,0,889,-30
0,2,2,2,0,0,-1,-1,0,0,0,0,0,0,0,1,890,0
0,0,0,0,0,0,0,0,0,0,0,0,0,0,0,0,891,30
0,-1,-1,-2,-2,-1,-1,0,0,-2,-1,-2,0,0,-2,0,892,10
0,0,0,0,0,0,0,0,0,0,0,0,0,0,0,0,893,50
1,1,1,1,1,1,0,1,2,1,-1,2,1,2,0,0,894,50
0,0,0,0,0,0,0,0,0,0,0,0,0,0,0,0,895,50
0,0,0,-1,0,-1,-1,0,-1,-1,-2,-1,0,-2,0,0,896,0
1,-1,-1,1,0,-1,-1,-1,0,0,-1,1,1,0,1,1,897,10
0,0,0,0,0,0,0,0,0,0,0,0,0,0,0,0,898,10
0,1,0,0,0,1,-1,0,0,0,0,0,1,0,1,0,899,40
0,-1,1,1,0,0,0,0,0,0,0,0,0,0,0,0,900,0
0,-1,0,0,0,-1,0,-1,0,0,-1,0,0,0,0,1,901,-10
1,0,0,2,0,1,0,-1,0,0,0,0,0,0,0,0,902,40
1,0,0,0,1,1,0,0,0,0,0,2,0,0,0,2,903,40
1,0,0,0,0,0,-1,-1,0,1,-1,1,-1,1,0,1,904,20
0,0,0,0,0,0,0,0,1,2,1,2,1,2,2,2,905,20
1,0,0,0,0,0,0,0,0,0,0,1,0,1,0,1,906,50
2,0,1,0,0,0,0,0,0,0,1,0,-2,0,0,0,907,50
1,0,0,0,0,0,-1,0,0,0,0,-1,0,0,0,0,908,0
-1,0,1,-1,0,-1,-1,0,-1,0,-1,0,0,0,0,0,909,10
0,0,0,0,0,0,0,0,0,0,0,0,0,0,0,0,910,0
0,0,0,0,0,0,0,0,0,0,0,0,0,0,0,0,911,50
0,0,0,0,0,0,0,0,0,0,0,0,0,0,0,0,912,50
-1,0,0,0,0,0,0,0,0,0,0,0,0,0,0,0,913,0
0,1,0,0,-1,0,-1,0,-2,-2,0,-1,-1,-1,0,0,914,30
0,0,0,0,-2,1,0,0,1,0,1,0,0,0,0,0,915,30
0,-2,-1,-2,-1,-1,-1,-1,-2,-1,-1,-1,-2,-1,-1,-1,916,20
0,0,2,0,0,2,0,0,0,0,0,0,0,0,0,0,917,50
0,0,0,0,-1,0,0,1,-1,0,0,-2,-2,0,0,0,918,10
0,0,0,0,0,0,0,0,0,0,0,0,0,0,0,0,919,0
1,1,0,1,1,1,2,1,0,-1,0,0,0,1,0,-1,920,50
0,0,0,0,0,0,1,0,0,0,-1,-1,0,0,0,-1,921,0
0,0,0,0,0,0,0,0,0,0,0,0,0,0,0,0,922,0
0,0,0,0,-2,0,0,0,1,0,0,0,-2,0,0,0,923,0
-2,0,0,-1,0,0,0,0,0,0,0,0,0,0,0,0,924,0
0,0,0,0,0,0,0,0,0,0,0,0,0,0,0,0,925,0
0,1,2,1,0,1,-1,1,0,2,1,-1,2,0,2,1,926,-10
0,0,0,0,0,0,0,0,0,0,0,0,0,0,0,0,927,50
0,-1,1,-1,0,0,-2,1,0,0,1,-1,1,0,1,0,928,0
0,2,1,2,0,2,0,0,0,2,1,-1,0,0,0,0,929,0
0,0,1,0,0,0,0,0,1,0,0,0,0,0,0,0,930,0
0,0,0,0,0,0,0,0,0,0,0,0,0,0,0,0,931,0
0,-1,0,0,0,0,-1,0,-1,0,0,-1,0,0,0,0,932,-50
0,0,0,0,0,-2,-1,0,0,0,-1,-1,1,-1,1,-1,933,10
0,1,0,-1,-1,0,0,0,0,0,1,0,-1,1,1,0,934,-20
0,0,1,1,2,1,0,-1,0,0,0,1,0,0,0,0,935,0
0,0,1,0,0,0,0,1,0,0,0,0,0,0,0,-1,936,20
0,0,0,0,0,0,0,0,0,0,0,0,0,0,0,0,937,50
2,2,2,2,2,2,1,2,0,0,-1,0,0,2,0,0,938,0
0,0,0,0,0,0,0,0,0,0,0,0,0,0,0,0,939,0
0,0,1,1,0,2,-1,0,0,0,0,-1,1,0,0,0,940,30
0,-1,0,1,1,1,1,0,0,0,2,0,0,2,0,2,941,50
0,0,0,0,0,0,0,0,1,0,1,0,0,0,0,1,942,30
0,0,0,-2,0,0,0,0,0,0,0,0,0,0,0,0,943,50
0,0,0,0,0,0,0,0,0,0,0,0,0,0,0,0,944,30
0,1,0,0,0,-1,0,0,0,0,0,-1,0,1,0,1,945,-10
0,0,0,0,0,0,0,0,0,0,0,-2,0,0,0,0,946,20
0,0,0,0,0,0,0,0,0,0,0,0,0,0,0,0,947,50
0,-1,-2,-2,-1,0,0,-1,-1,-1,0,-1,0,0,-2,1,948,-20
0,-1,-1,0,0,0,0,0,0,1,-1,-1,1,-2,0,-1,949,0
0,0,1,1,0,1,0,0,1,0,1,1,0,0,0,0,950,0
-1,-1,-1,0,0,0,0,0,0,0,0,0,0,0,0,0,951,50
1,1,2,2,1,2,2,2,1,2,1,2,1,2,2,2,952,10
0,0,1,1,1,1,1,1,0,0,1,1,1,0,1,1,953,50
0,0,-1,0,0,0,0,0,-1,1,0,0,0,0,1,0,954,0
2,2,2,2,2,2,2,2,1,-1,0,1,0,0,2,-2,955,30
2,1,1,2,0,1,1,1,2,1,1,2,1,2,0,1,956,10
0,0,0,0,0,0,0,0,0,0,0,0,-1,0,0,0,957,0
0,0,0,0,1,0,0,0,0,0,0,0,0,0,0,0,958,-10
1,-1,2,0,0,2,0,0,0,-2,2,2,-1,2,0,0,959,50
0,0,1,1,0,1,0,0,2,0,0,1,0,0,0,1,960,50
0,-1,-1,0,0,-1,-1,0,0,0,0,0,-1,0,0,0,961,40
0,0,0,1,0,-2,0,0,0,-1,0,0,-1,0,0,0,962,50
1,1,1,1,1,1,1,1,2,-1,0,0,1,0,-1,-1,963,50
0,1,1,-1,-1,-1,-1,0,0,-1,-1,-2,1,0,0,0,964,50
0,1,1,0,0,0,0,0,2,0,0,0,0,0,0,0,965,40
0,0,0,0,0,0,0,0,0,0,0,0,0,0,0,0,966,40
0,-1,0,-1,-1,0,-1,2,0,0,-2,-1,2,0,2,0,967,50
1,1,-1,0,0,-2,0,0,0,-2,1,1,0,1,0,1,968,50
0,0,0,0,0,-1,0,0,-1,0,0,0,0,0,1,0,969,10
0,-1,-1,-1,-2,0,0,1,0,0,0,0,0,0,0,0,970,20
0,0,0,0,0,0,0,0,0,0,0,0,0,0,0,0,971,20
2,2,2,-1,-2,-2,-2,2,1,1,2,0,0,2,1,2,972,20
0,1,0,1,1,1,0,1,0,1,0,1,1,0,0,1,973,30
2,1,2,2,2,2,1,2,2,2,2,1,2,1,2,2,974,-50
0,0,1,0,0,1,0,0,1,0,1,1,0,1,0,1,975,40
0,1,1,0,0,1,0,1,0,0,0,1,0,0,2,2,976,20
1,2,2,1,2,2,1,1,2,2,1,2,1,2,1,1,977,40
0,0,0,0,0,0,0,1,0,0,0,0,0,0,0,0,978,0
0,0,-1,-1,-1,0,0,0,0,0,0,-1,0,0,0,0,979,-30
0,0,0,0,0,0,0,0,0,0,0,0,0,0,0,0,980,0
2,0,0,1,-1,1,0,1,1,0,1,1,0,0,0,1,981,50
-1,0,-2,0,0,-2,0,0,0,0,1,1,0,0,0,0,982,30
0,0,1,-1,0,1,-1,0,0,0,1,-1,0,0,0,-1,983,0
1,1,-1,-2,-1,-2,0,0,0,1,1,1,0,0,0,1,984,20
0,-1,0,-2,-1,-1,-2,-2,-2,-1,-2,-2,0,-2,0,-1,985,-10
0,0,0,0,0,0,0,0,0,0,0,0,0,0,0,1,986,20
0,1,0,0,-1,0,-1,-1,-1,0,0,-1,0,-1,-1,0,987,50
0,1,1,0,0,0,0,0,0,-1,0,0,-1,1,0,1,988,-30
0,0,0,0,0,0,0,0,0,0,0,0,0,0,0,0,989,30
0,0,0,1,0,-1,0,2,0,0,1,0,0,0,0,1,990,50
0,0,0,1,-1,0,1,0,0,0,0,-1,0,1,0,0,991,20
0,0,0,0,0,0,0,0,0,-2,0,0,-2,0,-1,0,992,0
0,0,0,0,0,0,0,0,0,0,0,0,0,0,0,0,993,0
0,0,1,-1,0,1,1,0,0,0,1,-1,1,1,0,1,994,-10
0,-1,-1,-1,-1,0,0,0,0,-1,0,0,0,0,0,0,995,50
0,0,0,-2,-2,-1,-1,-1,0,0,0,0,0,0,0,2,996,20
-1,1,0,1,0,1,0,1,1,-1,0,0,1,1,1,0,997,10
0,0,0,0,0,0,0,0,0,0,0,0,1,0,0,0,998,0
0,0,0,0,0,0,0,0,0,0,0,0,0,0,0,0,999,0
0,0,1,0,0,0,0,0,0,0,0,0,0,0,0,1,1000,30
0,0,0,0,0,0,0,0,0,0,0,0,0,0,0,0,1001,0
0,0,1,1,0,1,-2,0,-1,0,0,0,0,0,0,-1,1002,30
0,0,2,2,0,0,0,0,0,0,0,0,0,0,0,-1,1003,0
1,2,2,2,0,0,1,1,0,0,0,0,0,0,0,2,1004,50
0,0,-2,-1,-2,-1,-2,-1,0,-2,-1,0,-1,0,0,0,1005,0
0,0,0,0,0,0,0,0,0,0,0,0,0,0,0,0,1006,0
0,0,0,0,1,-1,0,0,0,0,1,0,0,0,0,0,1007,50
0,0,-2,-2,0,-2,-2,0,-2,0,-2,-2,0,0,0,0,1008,50
2,2,2,0,0,2,0,0,2,0,2,1,0,0,0,2,1009,50
0,1,2,0,0,1,0,0,0,0,0,0,0,0,0,0,1010,20
0,0,0,0,0,0,0,-2,0,0,0,0,-2,0,0,0,1011,50
1,2,0,0,0,0,0,0,0,-1,0,0,1,0,1,0,1012,40
2,2,2,0,0,-1,0,0,0,0,0,0,0,0,0,0,1013,20
0,0,0,0,0,0,0,0,0,0,0,0,0,0,0,0,1014,-50
0,-1,0,-1,-1,-2,-1,1,0,0,0,0,0,0,0,0,1015,20
-1,0,0,-1,-1,0,-2,1,0,1,0,1,0,-1,-1,-1,1016,-20
2,0,1,2,2,1,0,1,2,2,1,2,1,2,1,2,1017,30
0,0,0,0,0,0,-1,0,0,0,-1,-1,-1,0,0,0,1018,10
0,0,0,0,0,0,0,0,0,0,0,0,0,0,0,0,1019,-10
0,0,0,-1,-1,0,0,0,0,0,-1,0,-1,0,0,0,1020,20
0,0,2,1,0,2,0,0,0,0,0,1,2,1,0,0,1021,0
0,2,1,1,0,1,1,-1,0,0,1,1,1,1,0,0,1022,-20
0,-2,-1,-2,-1,-1,0,-1,-2,-2,0,-1,0,0,-1,0,1023,-20
0,0,0,2,0,0,1,0,0,0,0,-1,0,0,1,0,1024,20
0,2,1,0,0,1,2,-2,0,0,-1,-1,0,0,0,0,1025,20
0,0,0,0,0,0,0,2,0,0,-1,-1,0,0,0,0,1026,-30
0,0,0,0,0,0,0,0,0,0,0,0,0,0,0,0,1027,0
0,0,0,2,0,0,0,0,0,0,0,-1,1,0,0,0,1028,20
0,-1,0,-2,0,0,-1,0,0,-2,-2,-1,0,0,0,0,1029,0
0,0,0,-1,0,0,-1,1,0,0,0,0,0,0,0,0,1030,30
0,0,0,0,0,0,0,0,0,0,0,0,0,0,0,0,1031,50
0,0,0,0,0,0,0,0,0,0,0,0,0,0,0,0,1032,50
0,-1,0,0,0,0,0,0,0,0,0,0,0,0,0,0,1033,30
0,0,0,0,0,0,0,0,0,0,0,0,0,0,0,0,1034,-30
0,1,1,0,0,1,-1,0,0,0,1,-1,1,0,1,1,1035,10
0,1,0,0,0,0,-1,0,0,0,-1,-2,-1,1,0,0,1036,20
1,2,0,0,0,0,0,-2,0,0,0,0,1,0,0,0,1037,50
0,0,1,0,-1,0,0,0,0,0,0,0,-1,0,0,1,1038,20
0,0,0,-2,-1,0,-2,-1,0,0,-1,-2,0,-1,-1,-1,1039,-50
0,0,0,0,0,0,0,0,0,0,0,0,0,0,0,0,1040,0
-1,0,0,0,-1,0,-2,0,0,-2,0,0,0,0,0,-1,1041,30
0,0,0,0,0,0,0,0,0,0,0,0,0,0,0,0,1042,20
2,0,-1,0,0,0,-1,0,0,0,0,-1,0,0,0,0,1043,-10
0,1,1,1,0,1,-1,1,-1,-1,0,1,0,0,2,1,1044,10
0,0,0,0,0,0,0,0,0,0,-1,1,0,0,0,0,1045,50
0,1,-1,1,0,0,0,0,0,0,-1,-1,0,0,0,0,1046,40
0,-1,0,0,0,0,0,0,0,-1,0,0,0,0,0,0,1047,0
0,0,0,0,0,0,0,0,-1,-1,0,-1,-1,0,0,-1,1048,50
0,0,0,-1,0,-1,0,0,-1,0,0,1,0,0,0,0,1049,30
1,1,0,1,0,1,0,0,0,0,1,0,0,0,1,0,1050,0
-1,1,0,0,0,-1,-1,-1,-1,-1,1,-1,-1,1,-1,0,1051,20
2,2,2,2,2,2,2,2,2,2,2,2,2,2,2,2,1052,50
0,0,0,0,0,0,0,-1,0,0,0,0,0,0,0,0,1053,50
0,0,0,2,1,0,0,0,0,0,0,1,1,0,1,2,1054,10
0,0,0,-1,0,-1,-1,0,0,0,-1,-1,0,0,0,0,1055,-30
-1,0,0,1,0,0,-2,-2,0,-1,-1,0,0,0,0,0,1056,50
-1,1,0,0,-1,-1,-2,-1,-1,0,0,-1,1,0,0,-2,1057,30
0,-1,1,1,0,0,0,0,-1,1,0,-1,1,0,-1,0,1058,20
0,1,2,-1,0,-1,-1,1,1,0,1,1,0,0,1,2,1059,20
0,1,0,1,0,-1,0,1,1,0,1,0,1,1,0,0,1060,30
0,0,0,0,0,0,0,0,0,0,0,0,0,0,0,0,1061,10
1,0,0,1,0,1,1,1,2,2,2,0,2,1,1,2,1062,50
1,1,1,1,1,1,1,1,0,0,0,0,0,0,0,0,1063,20
2,2,1,1,1,1,2,2,0,1,-1,1,2,1,2,1,1064,50
0,0,1,0,1,0,0,0,0,1,0,1,0,0,1,1,1065,-20
2,1,0,2,0,0,0,-1,0,0,0,2,0,0,0,2,1066,20
0,0,0,1,0,1,0,-1,0,0,0,0,0,0,0,0,1067,20
0,-1,0,0,0,0,0,0,0,0,0,0,-1,0,0,0,1068,20
0,0,0,0,0,0,0,0,0,0,0,0,0,0,0,0,1069,10
1,0,2,0,0,1,0,1,0,0,0,1,1,0,1,1,1070,30
0,1,0,0,0,0,0,1,0,0,0,1,0,0,0,0,1071,50
0,0,0,0,0,0,0,0,0,0,0,0,0,0,0,0,1072,10
0,-1,-1,-1,0,-1,-1,0,-1,-1,0,-1,-1,0,0,0,1073,10
0,1,0,1,-1,0,-1,2,0,0,0,-1,0,0,0,0,1074,20
0,0,0,0,0,0,0,0,0,-1,0,0,-1,0,0,0,1075,0
0,0,0,0,0,0,0,0,0,0,0,0,0,0,0,0,1076,50
0,0,0,0,0,0,0,0,0,0,0,0,0,0,0,0,1077,30
-2,0,1,1,-1,0,-1,1,0,0,1,1,0,0,0,0,1078,40
0,0,0,0,0,0,0,0,0,0,-1,0,0,0,0,0,1079,0
0,0,0,0,0,0,0,0,0,0,-1,-1,0,-1,0,-1,1080,-10
2,0,1,0,0,1,0,0,1,2,1,0,0,0,0,1,1081,0
0,-1,0,0,0,0,0,0,0,0,-1,0,0,0,0,0,1082,20
0,0,0,2,0,0,0,0,2,0,1,2,2,2,2,0,1083,50
0,0,0,0,0,0,0,0,0,0,0,0,0,0,0,0,1084,-30
0,0,0,0,0,-1,0,0,0,-2,0,-1,1,0,0,0,1085,-30
1,1,1,1,0,1,1,0,-1,0,0,0,0,0,0,0,1086,50
0,0,0,1,0,0,-1,1,0,0,-1,-1,0,0,0,-1,1087,20
1,0,0,0,0,0,0,0,0,0,-1,-1,0,0,0,0,1088,10
0,0,0,0,0,-1,-1,2,0,0,0,0,0,0,0,0,1089,20
0,0,0,0,-2,0,-1,0,0,0,0,1,-1,0,0,1,1090,30
0,0,0,-1,-1,0,-1,-1,-1,0,0,-1,0,-1,0,-1,1091,0
0,0,0,0,0,0,0,0,0,0,0,-1,0,0,0,0,1092,0
0,0,0,0,0,0,0,0,0,0,0,0,0,0,0,0,1093,0
0,0,0,0,0,0,0,0,0,0,0,0,0,0,0,0,1094,50
1,0,0,1,1,-1,1,0,1,1,0,1,1,0,1,1,1095,50
0,0,0,0,0,0,0,0,0,0,0,1,1,1,0,1,1096,40
1,-1,1,-1,-2,-1,-1,0,-1,-2,0,0,0,0,-1,1,1097,-20
0,0,0,0,0,0,-1,-1,-1,0,0,0,0,0,0,-1,1098,50
1,2,1,0,1,2,1,2,1,1,2,0,2,1,1,1,1099,30
2,2,2,2,2,2,2,2,2,2,2,2,1,2,2,2,1100,30
1,-2,-1,-2,0,-2,0,0,0,0,-2,1,1,1,0,-1,1101,30
2,2,2,2,2,2,2,2,2,0,2,2,2,2,0,2,1102,10
-1,0,0,0,0,0,0,-1,0,0,0,0,0,0,0,0,1103,50
0,1,0,0,0,1,0,0,0,1,0,0,0,0,0,0,1104,0
-1,0,-1,-1,-1,-1,-1,-1,-1,-1,-1,-1,-1,-1,-1,-1,1105,50
1,2,1,2,2,1,2,1,2,1,1,1,2,1,1,2,1106,40
0,0,-1,2,-2,-2,-1,0,0,1,-2,-2,0,2,1,1,1107,40
0,0,1,1,0,0,-1,1,0,0,0,-1,1,0,0,-1,1108,-30
0,0,0,0,0,0,0,0,0,0,0,0,-1,1,0,1,1109,50
1,2,2,1,1,-1,2,0,2,2,2,2,2,2,1,2,1110,50
0,0,1,1,0,0,0,0,0,0,0,1,1,0,1,1,1111,20
0,-1,-1,-1,1,1,-1,-1,0,0,1,-2,0,-1,2,0,1112,40
2,1,2,0,0,0,-1,1,0,0,1,-1,0,0,1,0,1113,20
-1,0,0,1,1,0,0,0,-1,-1,0,0,1,-1,-1,1,1114,50
0,0,0,0,0,0,0,0,-1,0,0,0,0,0,0,-1,1115,20
0,0,0,-1,-1,0,0,0,0,0,0,-1,0,0,0,0,1116,50
1,-1,-1,0,0,-1,0,0,-1,0,0,1,1,0,0,0,1117,-30
-2,-1,0,-1,1,0,-1,2,0,-1,1,1,0,-1,-2,-1,1118,10
0,0,0,0,0,2,0,0,0,0,1,0,0,0,0,0,1119,0
0,0,0,0,0,0,0,0,0,0,0,0,0,0,0,0,1120,0
0,0,0,0,1,0,1,1,0,0,0,0,0,1,0,2,1121,50
0,0,1,1,1,0,0,1,0,1,1,0,1,1,0,1,1122,30
-1,0,1,1,1,1,1,-1,1,1,0,1,1,-2,1,-1,1123,20
0,1,1,1,-1,2,0,-2,1,0,-2,1,-1,0,0,0,1124,-30
2,1,1,1,2,2,2,2,2,2,2,2,2,2,2,2,1125,30
0,0,0,-1,-1,0,-1,1,0,0,0,0,0,0,0,0,1126,20
0,0,0,0,0,0,0,0,0,0,1,1,-1,1,2,2,1127,10
1,2,1,1,2,1,1,2,2,1,2,1,2,1,1,2,1128,40
0,0,0,0,0,0,0,0,0,0,0,0,0,0,0,0,1129,50
0,0,1,0,0,0,0,0,0,-1,0,0,0,0,0,0,1130,0
1,2,1,2,2,2,1,2,1,1,1,2,2,1,2,2,1131,40
-1,0,0,1,0,0,1,0,0,0,0,0,0,0,0,-1,1132,30
2,2,2,2,-1,2,2,2,0,0,-1,-1,0,-1,-2,0,1133,30
0,1,-2,0,0,-2,0,-2,-2,0,0,0,2,0,1,-2,1134,30
0,0,1,1,0,0,0,0,0,0,1,1,0,0,1,-1,1135,0
2,1,1,1,2,2,1,2,2,1,1,2,1,2,2,2,1136,30
-1,-2,-1,-1,-1,-1,-2,-2,-2,-2,-2,-1,-1,-2,-2,0,1137,50
2,1,2,2,1,0,2,2,2,2,2,0,2,1,2,2,1138,30
1,-2,-1,-2,-2,0,0,-1,-1,-1,0,0,0,0,-2,1,1139,-20
-1,-1,-1,1,-1,0,0,-1,0,0,0,0,-1,1,0,0,1140,0
2,1,2,2,2,1,2,2,2,2,0,1,2,2,2,2,1141,40
-1,-2,-1,-2,-1,-2,-1,-2,-1,-2,-2,-2,-1,-2,-1,-1,1142,30
0,0,1,2,0,-1,-2,1,0,-1,-1,0,0,0,0,1,1143,10
0,1,0,0,0,1,1,0,0,0,0,1,0,0,0,1,1144,20
1,0,1,0,0,0,-1,1,0,0,0,-1,0,0,0,0,1145,0
0,0,1,1,0,1,2,0,1,0,0,1,-1,0,1,2,1146,-10
0,0,0,0,1,0,0,1,1,0,1,0,0,2,0,0,1147,-10
1,0,1,0,0,1,0,0,-1,0,-1,0,0,1,0,2,1148,20
0,1,-1,0,-2,2,2,0,-1,-2,0,0,-2,0,0,-1,1149,0
2,2,2,2,2,2,2,2,2,2,2,2,2,2,2,2,1150,50
0,-1,-1,0,-2,-1,0,1,0,0,0,-1,-1,0,0,0,1151,-20
2,-1,0,1,2,1,-1,1,1,1,1,2,1,1,0,2,1152,40
-1,1,-1,-1,-2,0,-1,0,0,0,0,-1,-1,0,1,-1,1153,30
0,0,1,0,0,0,0,-1,0,0,2,2,1,0,0,0,1154,50
2,2,2,1,1,1,2,1,1,1,2,2,1,1,2,2,1155,30
2,1,1,2,2,1,1,1,1,1,2,1,2,2,1,1,1156,50
-1,-1,1,0,1,1,-1,0,1,0,-2,1,0,-1,-1,0,1157,20
0,0,1,0,1,0,0,1,1,0,0,1,0,0,0,2,1158,20
0,0,0,-2,0,0,-2,-1,0,0,-1,-2,0,0,0,0,1159,0
0,0,0,0,0,0,0,0,0,0,0,0,0,0,0,0,1160,0
0,0,0,0,0,0,0,0,0,0,0,0,0,0,0,0,1161,-20
0,0,0,0,0,0,0,0,0,0,1,0,0,0,0,1,1162,0
0,1,-1,-1,-2,0,-1,1,0,0,0,-1,0,1,0,1,1163,-10
1,0,0,0,0,0,-2,-1,0,0,0,-1,0,-1,0,1,1164,0
0,0,0,0,0,0,0,0,1,0,0,-2,1,0,0,0,1165,-20
0,0,0,0,0,0,0,0,0,0,0,0,0,0,0,0,1166,50
0,0,0,0,-1,0,0,-1,0,0,0,0,0,-2,0,-2,1167,20
1,2,2,1,-1,1,-1,1,1,1,-2,-2,0,1,0,0,1168,20
0,1,0,0,0,0,0,0,1,1,1,-1,-1,1,0,1,1169,50
2,1,2,1,1,2,1,2,2,1,2,2,1,1,1,2,1170,30
0,1,1,0,0,0,0,0,0,0,0,1,0,0,0,1,1171,30
0,0,0,0,0,0,0,0,0,0,0,0,0,0,0,0,1172,50
1,2,1,2,1,2,1,2,2,1,2,1,2,1,1,2,1173,30
0,0,1,1,0,0,0,0,0,0,0,2,0,0,1,0,1174,20
0,0,0,0,0,0,0,0,0,0,0,0,0,0,0,0,1175,-20
0,0,0,0,0,0,0,0,0,0,0,0,0,0,0,0,1176,0
-1,0,1,1,0,0,1,1,0,0,2,1,-1,0,1,0,1177,0
0,0,0,0,0,0,0,0,0,0,2,2,0,0,1,1,1178,50
-1,-2,0,-2,-1,0,0,-1,2,0,-1,-2,1,-1,0,-2,1179,-20
0,0,0,1,0,0,0,0,0,0,0,1,0,0,0,0,1180,20
2,1,0,0,0,0,0,1,0,0,1,1,1,0,1,0,1181,30
1,0,-1,-2,-1,0,0,-1,-1,-2,1,-1,0,0,-2,0,1182,-20
1,1,1,1,2,1,0,1,0,0,1,2,0,1,1,2,1183,50
-1,2,1,1,0,0,-1,0,-1,-1,-1,-2,0,0,1,-2,1184,-40
1,1,2,1,1,0,1,-1,2,0,1,1,1,2,1,1,1185,30
0,-1,-1,-1,0,-1,-1,1,0,-1,1,-2,-1,-1,0,0,1186,-50
0,0,0,0,0,0,0,0,0,0,2,0,0,0,0,0,1187,10
0,1,2,-1,-2,1,-2,0,0,-2,1,-2,0,0,1,-2,1188,0
0,0,0,0,0,0,0,0,0,0,0,0,0,0,0,0,1189,0
0,0,0,0,0,0,0,0,0,0,0,0,0,0,0,0,1190,0
0,0,0,0,0,0,0,0,0,0,0,0,0,0,0,0,1191,0
0,1,2,2,0,0,2,1,1,2,1,1,2,1,0,2,1192,30
1,2,1,1,-1,2,0,1,1,2,-1,1,2,2,2,1,1193,20
2,2,2,1,2,1,2,1,1,2,2,1,2,1,1,2,1194,50
0,0,0,0,0,0,0,0,0,0,0,0,0,0,0,0,1195,50
0,0,0,0,0,0,0,0,1,1,1,1,1,1,1,1,1196,30
0,0,0,0,0,0,0,0,0,0,2,2,2,0,0,2,1197,30
0,0,0,0,0,0,0,0,0,0,0,0,-1,0,0,0,1198,20
0,0,0,0,0,0,0,0,0,0,1,0,0,0,0,1,1199,0
0,1,1,1,0,0,0,0,0,0,1,1,0,0,1,1,1200,10
1,0,1,0,2,-1,0,0,0,1,-1,1,0,0,0,0,1201,40
0,0,0,-1,-1,0,1,-1,-1,-1,0,-1,-2,0,-2,-1,1202,40
0,1,1,1,0,1,-1,-1,0,0,1,-1,1,1,1,-1,1203,0
0,0,0,0,0,0,0,0,0,0,0,0,0,0,0,0,1204,-20
0,0,0,0,0,0,0,0,0,0,0,0,0,0,0,0,1205,50
-2,-2,-1,-2,-1,-1,-2,-1,0,-2,-2,-2,-2,-1,-2,-2,1206,40
2,2,2,2,2,2,2,2,2,2,2,1,2,2,2,2,1207,40
0,0,0,0,0,0,0,0,0,0,0,0,0,0,0,0,1208,30
-1,0,-1,0,-2,0,0,0,-1,0,0,-1,0,-2,0,-2,1209,0
2,1,2,1,1,2,1,2,2,2,1,2,1,2,2,1,1210,30
2,1,2,2,1,1,2,2,1,1,2,1,2,2,1,2,1211,30
0,1,1,0,1,0,0,0,0,0,0,0,0,0,0,0,1212,50
0,0,1,1,1,1,0,0,0,1,1,2,2,1,1,1,1213,20
0,2,0,-1,1,0,0,1,0,0,-2,-2,-2,0,0,2,1214,0
2,2,2,2,2,2,-2,-2,2,2,2,2,2,2,2,2,1215,50
0,0,-2,0,1,-1,-1,-1,0,-1,0,-1,0,0,0,0,1216,30
0,0,0,1,0,0,0,1,0,0,0,0,-1,0,0,1,1217,30
0,0,1,-1,-1,0,-1,-1,0,-1,0,-1,-1,0,0,0,1218,10
0,0,1,1,1,1,0,0,0,1,0,0,0,0,0,0,1219,20
0,0,-1,-1,0,-1,0,1,0,0,1,2,-1,2,0,1,1220,20
0,0,0,0,0,0,0,0,0,0,0,0,0,0,0,0,1221,0
0,0,0,0,0,0,0,0,0,0,0,0,0,0,0,0,1222,50
0,0,0,0,0,0,0,0,0,0,0,0,0,0,0,0,1223,0
0,0,0,0,0,0,-1,0,0,0,0,0,0,0,0,0,1224,0
0,0,0,-1,0,0,-1,0,0,0,0,0,1,0,-1,1,1225,10
0,0,0,0,0,0,0,0,0,0,0,0,0,0,0,0,1226,50
0,2,2,0,0,2,0,0,2,0,0,2,0,2,0,1,1227,50
0,0,0,0,0,0,0,0,0,0,0,0,0,0,2,0,1228,0
0,0,0,0,0,0,0,0,0,0,0,0,0,0,0,0,1229,40
0,0,1,0,-2,0,0,0,0,-1,1,1,1,0,1,0,1230,40
0,0,-1,-1,0,-1,0,1,1,0,1,2,0,0,2,2,1231,30
-2,-1,-1,-1,-2,-1,-1,-2,-1,-1,-1,-1,0,0,-1,-1,1232,0
1,0,0,1,0,0,0,0,1,0,-1,0,0,0,0,1,1233,40
0,0,0,0,0,0,0,0,0,0,0,0,1,0,0,0,1234,10
0,0,0,0,0,0,0,0,0,0,0,0,0,0,0,0,1235,-20
0,0,0,1,0,0,0,-1,0,-1,0,0,0,0,0,0,1236,0
0,1,0,-1,0,0,0,0,-1,-2,0,0,-2,0,0,0,1237,30
0,0,0,0,-1,0,-1,0,0,0,0,0,0,0,0,-2,1238,50
-2,0,0,-1,-1,-2,-1,0,-1,-2,-1,-2,0,-1,-1,0,1239,40
0,0,0,0,0,0,0,0,-1,0,0,0,0,0,0,0,1240,30
0,0,1,1,0,0,0,0,0,0,0,0,0,0,1,0,1241,0
0,0,1,0,0,1,0,0,0,0,1,0,0,0,0,0,1242,0
-2,0,0,0,-1,0,0,-2,-1,0,0,1,-2,0,0,1,1243,30
0,0,2,0,0,0,0,-1,0,-1,0,0,0,0,0,0,1244,0
0,0,1,1,0,0,1,0,0,0,0,1,0,0,0,0,1245,50
0,0,0,0,0,0,0,0,0,0,0,0,0,0,0,0,1246,0
-1,0,-1,0,0,0,0,0,0,-1,0,-1,-2,1,-1,0,1247,-20
0,0,1,1,0,0,0,0,1,0,0,0,-1,0,0,0,1248,30
0,0,1,2,0,0,0,1,1,0,1,0,2,0,0,0,1249,0
0,0,1,1,0,0,0,1,-1,1,0,-2,-1,-1,0,0,1250,-10
0,0,0,0,-2,0,0,2,0,0,0,0,-2,0,0,0,1251,50
0,0,0,0,0,0,0,0,0,0,0,0,0,0,0,0,1252,30
1,0,0,0,0,-1,-2,0,0,-1,0,-2,1,1,1,0,1253,-30
0,-1,0,0,0,0,0,0,0,0,0,0,0,0,0,0,1254,-20
0,0,0,1,0,0,0,0,0,0,0,0,0,0,0,0,1255,20
0,0,0,0,0,0,0,0,0,0,2,0,-1,2,0,0,1256,0
0,0,0,0,0,0,0,0,0,0,0,0,0,0,0,0,1257,-30
0,0,1,2,0,0,0,1,0,0,0,1,-1,0,1,0,1258,0
2,0,0,0,0,0,0,1,0,0,1,1,0,0,0,1,1259,50
1,0,0,-1,0,0,0,-1,0,0,0,0,0,0,0,0,1260,0
0,0,-1,-2,0,-1,-1,1,0,-1,-2,-1,0,0,1,0,1261,20
0,0,-1,-2,-2,-2,-1,0,-1,-1,-2,-1,-1,0,0,0,1262,0
2,0,0,0,0,-1,0,-2,0,0,-1,0,0,-2,0,0,1263,50
0,-2,0,0,0,0,0,-1,0,0,0,0,0,0,1,0,1264,0
0,1,1,0,0,0,0,0,0,1,0,1,0,0,0,1,1265,-20
2,2,1,1,0,2,1,-1,2,2,0,1,-2,0,0,-1,1266,40
0,0,0,0,0,0,0,0,0,0,0,0,0,0,0,0,1267,0
0,0,0,0,0,0,0,0,0,0,0,0,0,0,0,0,1268,20
0,0,0,0,1,1,1,0,0,0,1,2,0,2,0,2,1269,30
1,0,0,1,-1,0,0,0,0,1,0,0,1,0,1,1,1270,30
0,-1,1,1,0,1,0,0,0,0,0,-1,0,0,0,0,1271,0
0,0,0,0,0,0,0,0,0,0,0,0,0,0,0,0,1272,20
0,1,1,1,1,1,0,0,0,0,1,1,0,1,1,1,1273,50
0,0,0,0,0,0,-1,0,0,0,0,-2,0,-1,0,0,1274,-20
0,0,2,0,0,2,0,0,2,0,0,0,0,0,0,0,1275,0
0,0,0,-1,-1,-1,-2,2,0,1,1,1,0,1,1,0,1276,-40
0,0,0,0,0,0,0,0,0,0,0,0,0,0,0,0,1277,50
0,0,-1,-1,-1,-1,0,0,0,0,0,1,-2,0,0,0,1278,20
1,1,1,1,1,1,1,1,1,1,1,1,1,1,1,1,1279,20
0,-1,-2,-1,-2,-1,-1,0,0,0,-1,-1,0,0,0,0,1280,40
0,0,0,-2,0,0,0,0,-1,0,0,0,0,0,-1,0,1281,0
2,2,1,1,-1,1,1,1,1,1,1,1,1,1,1,1,1282,0
-1,0,-1,0,-1,0,0,0,0,0,0,1,-1,1,0,1,1283,50
2,1,2,1,2,2,1,2,1,2,1,2,2,2,2,2,1284,50
2,1,2,1,2,2,1,2,2,2,1,2,1,2,2,1,1285,50
0,0,0,0,0,0,0,0,0,0,0,0,0,0,0,0,1286,50
0,0,0,1,0,1,1,0,0,0,0,0,1,0,0,0,1287,0
-1,0,0,-1,0,-1,-1,1,-2,0,-2,0,0,0,0,1,1288,10
2,2,2,2,2,2,2,2,2,2,2,2,2,2,2,2,1289,0
0,0,0,0,0,0,0,0,0,0,0,0,-2,0,0,0,1290,50
0,0,0,0,0,0,0,0,0,0,0,0,-2,0,0,0,1291,10
0,0,0,0,-1,0,-1,2,0,-1,2,-1,0,1,0,2,1292,50
0,0,0,0,0,0,0,0,0,0,0,0,0,0,0,0,1293,0
0,0,0,0,0,0,0,0,0,0,0,0,0,0,0,0,1294,0
1,0,-1,0,-1,-1,0,-1,-2,0,1,0,0,1,0,1,1295,50
-1,-1,0,-1,0,0,-1,0,-2,0,-1,0,0,-1,0,0,1296,-10
0,0,1,1,0,0,0,0,0,-1,1,0,-1,0,0,0,1297,-20
0,0,0,0,0,0,-1,0,0,-2,0,-2,0,0,0,-1,1298,-40
0,-1,-1,1,1,-1,-1,-1,0,0,-1,0,1,0,0,0,1299,30
0,0,0,0,0,0,0,0,0,0,0,0,-2,0,0,0,1300,50
0,-1,-2,-2,-1,-1,0,0,-1,0,-1,-1,0,0,0,0,1301,20
2,2,2,2,2,2,2,2,2,2,2,2,2,2,2,2,1302,50
0,-1,0,1,1,2,-1,-1,0,1,0,1,2,0,-1,0,1303,20
0,0,1,0,0,1,0,0,0,0,0,0,0,0,0,0,1304,30
0,0,-2,-1,-2,-1,-1,-1,0,-1,0,-1,-2,0,0,0,1305,-10
1,0,1,0,0,0,0,0,0,0,0,0,0,0,0,0,1306,0
0,0,1,1,2,2,0,0,0,0,0,0,1,0,2,1,1307,0
0,0,0,0,0,-1,0,-1,0,0,0,0,0,0,0,0,1308,10
0,0,0,1,0,1,-1,0,0,0,0,-1,0,0,0,0,1309,20
1,1,1,1,1,1,1,1,1,1,1,1,1,1,1,1,1310,50
0,0,0,0,0,0,0,0,0,0,0,0,0,0,0,0,1311,50
0,0,0,0,0,0,0,0,0,0,0,0,0,0,0,0,1312,30
0,-1,1,0,0,0,-1,2,0,-1,1,0,0,0,0,0,1313,-20
0,0,0,0,0,0,-2,0,0,0,0,-1,-1,0,0,0,1314,0
0,0,0,0,0,0,0,0,0,0,0,0,0,0,0,0,1315,0
0,0,1,-1,0,0,0,1,0,0,0,0,-1,0,0,1,1316,0
0,0,0,0,0,0,0,0,0,0,0,0,2,0,0,0,1317,20
0,-1,1,0,0,0,-1,0,-1,0,0,0,0,0,0,0,1318,0
0,0,0,0,0,0,0,0,0,0,2,0,1,0,0,2,1319,20
-1,0,0,-1,-2,0,0,0,0,0,0,0,-2,0,0,0,1320,30
0,1,0,1,0,0,0,0,1,0,1,0,0,0,0,0,1321,0
0,0,0,0,0,0,0,0,0,0,0,0,1,0,0,0,1322,20
0,0,0,0,0,0,0,0,0,0,0,0,0,0,0,0,1323,0
0,1,0,0,0,0,-1,-2,0,0,0,0,0,0,2,0,1324,-50
0,0,1,0,0,-1,0,1,0,-2,-1,-1,0,0,0,-1,1325,20
0,0,2,0,0,0,0,0,2,0,0,0,0,-1,0,-1,1326,20
0,-1,-1,0,2,0,0,0,0,0,0,1,0,0,0,0,1327,10
0,0,2,1,-2,1,0,0,0,0,1,-2,-1,1,1,1,1328,40
2,2,2,2,2,2,2,2,2,2,2,2,2,2,2,2,1329,40
0,0,0,2,0,0,-1,-1,0,0,1,1,1,0,1,0,1330,20
0,0,0,0,0,0,0,0,0,0,0,0,0,0,0,0,1331,50
0,0,1,0,0,0,0,0,1,-1,1,0,0,1,1,1,1332,-30
1,0,0,1,0,-1,0,0,0,0,1,0,0,1,0,0,1333,10
-2,0,0,0,-2,-1,0,-2,0,0,-1,-2,-2,0,0,0,1334,20
0,1,1,0,0,0,0,1,1,0,1,0,0,0,0,1,1335,0
-1,-2,0,-1,0,-1,-2,-2,0,0,0,0,-1,0,0,0,1336,50
0,-2,0,0,0,0,0,1,0,0,0,2,0,0,0,2,1337,0
0,0,0,0,0,0,0,0,0,0,0,1,-1,0,0,1,1338,30
0,0,2,1,1,2,0,-1,1,1,0,0,2,0,1,1,1339,20
2,1,2,1,2,1,1,2,1,0,1,2,1,1,0,2,1340,30
0,0,1,0,0,0,-1,0,0,0,0,0,0,0,1,-1,1341,20
0,0,0,0,0,0,0,1,0,0,0,1,0,0,0,1,1342,40
0,0,1,0,0,0,-1,-1,0,0,0,0,0,0,1,0,1343,30
1,1,1,1,1,1,1,1,1,1,1,1,1,1,1,1,1344,50
1,0,0,-1,0,0,-1,1,0,0,1,-1,0,1,0,0,1345,30
0,0,0,0,0,0,0,0,0,0,0,0,0,0,0,0,1346,0
0,1,1,0,2,1,1,1,2,2,0,1,1,1,0,1,1347,30
2,1,0,-1,0,0,-1,0,0,0,-1,1,0,0,-1,0,1348,20
1,2,2,1,1,2,2,1,1,2,2,1,1,1,1,1,1349,50
1,2,1,0,-1,1,0,1,1,-1,0,-1,-1,1,0,0,1350,10
0,0,0,1,0,0,0,1,1,0,0,-1,2,0,1,2,1351,0
0,0,0,0,0,0,0,0,0,0,0,0,2,0,0,2,1352,0
0,0,1,0,0,0,0,2,0,0,0,0,0,0,0,0,1353,50
0,0,1,1,0,0,-1,1,0,1,0,-1,0,0,0,-1,1354,20
2,1,2,1,2,1,2,1,2,2,1,2,1,1,1,2,1355,-50
1,0,0,1,0,-1,-1,0,0,0,1,1,0,1,1,1,1356,10
0,0,0,0,0,0,0,0,0,0,0,0,0,0,0,0,1357,0
0,0,0,0,0,0,0,0,0,1,0,0,0,1,0,0,1358,0
0,0,1,1,1,0,0,0,1,0,0,0,0,0,0,0,1359,0
0,0,0,0,0,0,0,0,0,0,0,0,0,0,0,0,1360,-20
2,0,1,1,0,-1,0,-1,0,0,1,0,2,1,-1,2,1361,30
1,2,2,0,1,1,0,-2,2,0,1,1,0,1,-2,2,1362,50
2,0,-1,0,0,-1,0,-2,0,0,1,-1,0,0,0,0,1363,-30
0,0,0,1,0,0,0,0,0,1,0,0,0,0,0,0,1364,10
0,0,0,0,0,0,0,0,0,0,0,0,0,0,0,0,1365,30
1,2,1,1,1,2,0,0,1,0,1,1,1,1,1,1,1366,30
1,0,0,0,0,0,2,-1,1,1,0,0,0,-2,0,0,1367,0
1,0,0,1,0,0,1,0,1,1,1,0,-1,1,1,0,1368,20
1,0,0,-1,-1,-1,-2,1,0,0,0,-1,0,0,0,2,1369,50
1,1,1,1,1,1,1,1,1,1,1,1,1,1,1,1,1370,50
0,0,1,2,-1,1,0,2,0,0,2,-2,2,0,2,0,1371,-10
0,0,2,0,0,1,0,0,0,0,0,0,0,0,0,0,1372,30
1,1,0,2,1,1,2,0,0,1,2,1,1,-1,0,0,1373,30
0,0,0,0,0,0,0,0,0,0,0,0,0,0,0,0,1374,-20
1,2,0,1,0,2,0,0,1,0,1,1,0,0,0,2,1375,20
0,0,1,1,0,0,0,1,1,0,2,0,0,2,1,2,1376,20
0,0,0,0,0,0,0,0,0,0,0,-1,0,0,-1,0,1377,0
0,0,0,1,1,0,0,0,1,1,1,1,1,0,1,1,1378,30
0,-2,-1,0,-2,-2,0,-2,-2,-1,0,-1,-2,1,-2,-1,1379,0
-1,-1,-1,-1,0,0,0,-2,0,0,0,0,-1,-2,0,0,1380,50
0,0,0,0,0,0,0,0,0,0,0,0,0,0,0,0,1381,-50
0,0,0,-1,0,0,-1,-1,1,0,0,-1,0,0,0,1,1382,20
0,0,1,1,0,0,0,0,0,1,0,0,0,0,0,0,1383,-10
2,2,0,0,2,1,1,1,0,0,0,-1,1,1,-2,0,1384,50
0,1,0,1,0,1,1,0,1,0,1,0,1,0,1,0,1385,50
1,0,2,0,0,0,0,0,0,0,-1,0,2,0,2,0,1386,40
0,-1,-1,0,0,1,0,0,0,0,1,1,1,0,0,1,1387,10
1,0,1,0,0,1,0,1,1,0,1,1,0,0,1,1,1388,20
0,0,0,1,1,0,0,1,0,0,0,2,0,2,1,1,1389,50
0,-2,0,1,0,-1,-2,0,0,1,-1,1,0,0,0,1,1390,0
0,0,1,0,1,0,0,-1,0,0,0,2,0,2,1,1,1391,50
0,0,0,0,0,0,0,0,0,0,0,0,0,0,0,0,1392,30
0,0,0,0,0,0,0,0,0,0,0,0,0,0,0,0,1393,0
0,0,0,1,0,1,-2,-2,-1,0,1,-1,0,1,1,0,1394,-20
2,0,0,1,0,0,-1,-1,0,2,2,-1,2,1,0,2,1395,-10
1,1,1,1,1,1,1,1,1,1,1,1,1,1,1,1,1396,50
0,-1,0,0,0,0,0,0,0,0,0,1,0,1,1,0,1397,20
1,2,-1,0,0,1,0,2,0,0,2,1,-1,2,1,1,1398,0
0,-1,0,-1,1,1,0,1,0,-2,-2,1,-2,1,0,2,1399,20
2,2,2,2,2,2,2,2,2,1,0,0,0,1,0,2,1400,20
0,0,0,0,0,0,0,0,0,0,0,0,0,0,0,0,1401,50
0,0,0,0,-1,-1,-1,1,-1,1,1,-2,1,0,1,-2,1402,10
0,0,0,0,0,0,0,0,0,0,0,2,1,0,1,0,1403,0
0,0,0,0,0,0,0,0,0,0,0,0,0,0,0,0,1404,20
2,2,1,0,0,0,0,0,0,0,2,2,0,2,0,2,1405,50
1,0,2,1,0,0,1,1,0,1,-1,-1,0,1,-1,0,1406,10
0,0,0,0,0,0,0,0,0,0,0,-1,-1,0,0,0,1407,0
-2,0,0,0,0,0,0,0,0,0,0,0,1,0,0,0,1408,20
0,-1,0,0,0,0,0,0,0,0,0,0,0,0,0,0,1409,50
0,0,0,0,0,0,0,0,0,0,0,0,0,0,0,0,1410,30
-1,0,-1,-1,-2,0,0,0,0,0,2,0,-1,0,-1,2,1411,0
0,0,0,0,0,0,0,1,-1,0,1,0,0,1,0,1,1412,0
0,0,0,-1,0,-1,0,0,0,-2,0,0,-2,0,0,0,1413,-20
0,0,0,-1,0,0,-1,0,0,0,1,0,0,1,0,1,1414,-10
0,0,0,0,0,0,0,0,0,0,0,0,0,0,0,0,1415,0
0,1,1,0,-1,0,-1,0,0,0,2,-1,0,2,0,0,1416,30
0,0,1,1,0,-1,0,0,0,0,1,0,0,0,2,0,1417,30
0,0,0,0,0,0,0,0,0,0,0,0,0,0,0,0,1418,20
0,0,1,0,0,0,0,0,0,0,0,0,-2,0,0,2,1419,30
0,0,0,0,0,-1,-1,0,0,0,0,0,0,0,0,0,1420,30
0,0,0,0,0,0,0,0,0,0,0,0,0,0,0,0,1421,50
-2,0,1,-1,1,0,-1,-1,0,0,0,0,0,-1,0,0,1422,30
0,-1,0,1,0,0,1,0,0,0,0,1,0,-1,0,0,1423,-10
0,0,0,-1,-1,-2,-1,1,0,-1,-2,1,0,0,0,0,1424,-10
0,0,0,0,0,0,0,1,0,0,0,0,0,0,0,0,1425,-20
0,0,2,0,0,2,0,1,2,0,2,2,2,0,0,0,1426,50
0,1,2,1,0,1,-1,0,1,1,1,1,0,0,1,0,1427,30
0,0,0,-1,0,0,-1,0,0,0,0,0,0,0,0,0,1428,50
1,1,0,1,0,0,0,0,0,0,-2,0,0,0,0,0,1429,50
2,2,1,0,0,0,0,2,0,0,0,0,0,0,0,0,1430,20
2,0,2,0,2,2,0,0,2,0,2,0,2,0,0,2,1431,40
1,0,1,2,0,2,1,2,1,2,1,1,0,2,2,0,1432,30
0,1,0,0,0,0,0,0,0,1,0,0,1,1,1,0,1433,50
0,0,0,0,0,0,0,0,0,0,0,0,0,0,0,0,1434,30
-1,0,1,0,0,0,0,0,0,0,0,0,0,0,0,0,1435,0
0,-1,0,0,0,0,0,0,0,0,0,1,0,0,0,1,1436,50
1,1,1,2,0,0,0,1,1,0,0,1,2,-1,2,2,1437,30
2,2,2,2,2,2,2,0,0,0,0,0,-2,-2,0,0,1438,20
0,0,0,0,0,0,0,0,0,0,0,0,0,0,0,0,1439,0
0,0,-1,-1,-2,-2,0,2,0,0,1,-1,-1,2,0,1,1440,0
0,2,1,2,1,2,1,0,0,-2,0,0,-2,-1,0,0,1441,-20
0,0,0,0,0,0,0,1,0,0,0,0,1,0,0,0,1442,50
1,0,1,1,0,-1,-1,-1,0,0,-2,0,0,0,1,-1,1443,-20
0,0,0,0,0,0,0,0,0,0,0,0,0,0,0,-1,1444,-20
0,2,1,0,0,0,0,0,1,-2,-1,2,-2,0,2,-1,1445,30
0,0,0,0,0,0,0,0,0,0,-1,1,-2,0,0,0,1446,30
0,0,2,1,-1,1,0,0,-1,-1,0,0,-1,1,0,0,1447,10
0,0,0,-1,0,-1,0,0,0,0,-1,-1,0,0,0,-1,1448,-10
1,0,0,-1,-1,0,-1,1,0,0,0,0,0,0,0,0,1449,-20
2,1,2,1,1,2,1,2,1,2,2,2,2,2,1,2,1450,50
2,2,2,0,0,1,0,0,0,0,0,0,-2,0,0,-1,1451,0
0,0,0,0,0,0,0,0,0,0,0,0,0,0,0,0,1452,50
0,0,0,0,0,0,0,0,0,0,0,0,0,0,0,0,1453,0
2,2,2,0,1,1,1,1,0,0,2,2,2,0,2,2,1454,50
1,0,2,2,2,1,1,1,1,1,2,2,0,1,2,1,1455,50
0,0,0,0,0,0,0,-1,0,0,2,0,0,0,0,0,1456,50
1,1,1,-1,-1,1,0,0,2,0,1,1,0,0,1,1,1457,50
2,2,1,2,1,0,-1,0,2,0,1,1,1,0,2,2,1458,50
1,0,0,0,0,0,0,0,0,0,1,0,0,0,0,0,1459,50
0,1,1,0,0,1,0,0,0,0,0,0,0,0,0,0,1460,0
2,1,1,1,1,1,1,1,1,1,1,1,1,1,1,1,1461,10
-2,0,0,0,0,0,0,0,0,0,0,0,0,0,0,0,1462,50
-2,-1,0,0,0,-1,-2,-2,0,-2,-1,0,0,-2,0,0,1463,40
0,1,1,0,0,0,0,0,1,0,0,0,0,2,0,2,1464,40
1,1,1,1,2,0,-1,-1,2,1,1,0,2,1,0,0,1465,0
0,-1,0,0,0,0,-1,0,0,0,0,0,0,0,0,-1,1466,-20
0,1,0,1,0,0,-1,-1,1,0,1,0,1,0,0,0,1467,0
0,0,1,2,2,0,0,0,0,0,0,2,0,2,0,2,1468,50
0,0,1,0,0,0,-1,-1,0,-1,-1,0,0,-2,0,0,1469,-10
2,0,0,0,0,0,0,1,0,0,0,0,-2,0,0,0,1470,50
0,-1,0,-2,-2,-1,-1,0,1,0,-2,1,0,1,0,0,1471,-20
2,1,1,1,2,0,-1,-2,1,2,1,2,2,2,2,1,1472,-30
0,1,0,0,0,2,0,2,0,0,1,-1,0,0,0,2,1473,-10
1,1,0,1,0,1,2,0,1,1,1,1,1,0,1,1,1474,-10
0,0,0,0,0,0,0,0,0,0,0,0,0,0,0,0,1475,30
2,0,0,1,0,0,0,2,0,0,0,0,0,0,2,0,1476,10
0,0,0,0,0,0,0,0,0,0,0,0,0,0,0,0,1477,0
-1,0,-1,0,1,2,0,-2,0,-2,0,2,-1,0,0,1,1478,40
0,0,1,0,0,0,0,0,0,1,0,1,-1,1,0,1,1479,10
0,-1,1,0,0,0,-2,-1,-1,0,-1,-2,0,0,0,0,1480,-10
0,-2,0,0,0,0,-1,0,0,0,-1,-1,0,0,0,0,1481,-10
0,-1,-1,-2,1,0,-2,0,0,1,0,0,0,0,0,1,1482,10
1,0,1,2,0,-1,0,1,-1,1,2,0,2,1,1,1,1483,10
0,-1,-1,0,0,0,-1,0,0,0,0,0,0,0,2,0,1484,40
0,0,-1,0,-1,-1,0,0,-1,-2,0,1,-2,0,0,0,1485,30
2,2,2,2,0,1,1,2,0,0,0,2,0,0,0,2,1486,50
2,1,1,1,0,0,1,2,1,2,1,2,1,2,1,2,1487,40
0,0,0,0,0,2,0,0,1,0,0,0,0,0,0,0,1488,-20
2,2,0,0,0,0,0,2,0,0,0,2,2,0,2,2,1489,20
0,-1,0,0,0,0,0,-1,0,0,0,0,0,0,0,0,1490,0
0,0,0,-1,2,2,0,0,0,0,0,0,0,0,0,0,1491,0
0,1,1,1,1,1,-1,1,0,0,1,-1,1,0,0,0,1492,30
1,1,0,0,0,1,1,0,1,0,1,1,1,0,0,1,1493,30
0,-1,0,0,0,-1,0,0,0,0,0,0,0,0,0,0,1494,0
1,1,1,1,0,-1,0,0,0,0,0,0,0,0,0,0,1495,40
1,-1,1,-1,-1,-1,-1,-1,-1,0,-1,0,1,-1,0,0,1496,10
-1,1,-1,0,0,-1,1,-2,0,0,0,-2,0,0,-2,0,1497,20
0,-1,0,0,0,-1,-2,1,-1,0,2,-1,2,0,1,0,1498,30
0,0,0,0,-1,0,0,-1,0,0,-1,0,0,1,0,0,1499,40
1,0,0,0,0,1,0,1,-2,-2,0,1,-2,0,0,0,1500,50
0,2,1,2,0,-1,-1,0,0,1,-1,-1,0,-2,0,0,1501,0
1,0,0,0,0,-1,-1,-1,0,0,-1,0,0,0,0,0,1502,0
-1,2,2,0,0,2,0,-1,1,0,0,0,0,-2,2,-2,1503,-20
-2,-2,-2,-1,-1,-1,-1,0,-2,-1,-2,-1,-1,-1,-2,-2,1504,40
1,-1,0,1,1,1,0,0,1,0,1,1,1,1,1,1,1505,40
0,0,0,0,0,0,0,0,0,1,-1,-1,0,0,-1,0,1506,20
1,0,0,1,0,0,0,0,0,0,0,2,0,0,0,0,1507,50
0,1,1,0,0,1,1,1,1,0,0,0,1,1,1,0,1508,30
0,0,0,-1,-1,0,0,1,0,-2,0,0,0,1,0,0,1509,0
0,0,0,0,0,0,0,0,0,0,0,0,0,0,0,0,1510,0
0,0,0,0,0,0,0,0,0,0,0,0,0,0,0,0,1511,0
0,0,0,0,0,0,0,0,0,0,0,0,0,0,0,0,1512,20
