id,barriers_2,barriers_3,barriers_4,barriers_5,barriers_6,barriers_9,barriers_13,productivity_1
1,1,0,1,1,1,0,0,50
2,1,1,1,1,1,0,0,50
3,0,0,0,0,0,0,0,0
4,1,1,0,0,0,0,-2,50
5,0,0,0,0,-1,0,-1,20
6,-1,0,-1,0,0,0,-1,20
7,1,0,0,0,0,0,0,10
8,0,0,0,0,0,0,0,20
9,0,0,0,2,0,0,0,-50
10,0,0,0,0,0,0,0,50
11,1,1,0,1,1,1,0,50
12,0,0,0,1,0,1,0,20
13,0,0,0,0,0,0,0,-10
14,-2,-2,-2,-2,-2,-2,0,-20
15,1,0,0,0,0,0,0,40
16,-1,-1,-1,-1,-1,-1,0,50
17,0,0,0,0,0,0,0,50
18,0,1,0,0,1,0,0,10
19,1,1,1,0,0,0,0,10
20,-1,-1,0,0,-1,0,0,20
21,1,2,1,1,1,0,1,50
22,1,1,1,2,1,1,1,30
23,0,0,-1,-1,0,0,0,30
24,1,0,1,0,1,0,0,50
25,2,2,1,1,1,1,1,50
26,0,0,0,0,0,0,0,0
27,-1,0,0,0,-1,0,-1,30
28,0,0,0,1,0,1,1,30
29,1,2,2,1,2,2,2,40
30,0,0,0,-1,0,0,0,20
31,0,0,0,0,0,0,0,0
32,1,1,-1,0,0,0,0,30
33,-1,-1,-1,0,0,-2,-2,10
34,0,0,0,0,0,0,0,20
35,0,0,-1,0,0,0,0,-20
36,0,0,0,1,0,0,0,-10
37,0,1,1,0,0,0,0,50
38,1,1,-2,-2,0,-1,0,50
39,0,0,0,0,0,0,0,40
40,1,2,1,0,1,0,1,50
41,0,0,1,0,0,0,0,0
42,0,0,0,0,0,0,0,0
43,0,1,0,0,0,0,-1,50
44,1,1,0,0,1,0,0,50
45,-1,0,-2,0,-1,0,1,-20
46,0,0,0,1,0,0,0,0
47,0,0,0,0,0,0,0,0
48,0,-1,-1,-1,0,-2,-2,30
49,0,0,-1,0,0,0,-2,20
50,0,1,2,0,0,0,1,30
51,0,-1,0,-1,1,1,-1,50
52,0,0,0,0,0,0,0,0
53,2,2,2,2,2,2,2,50
54,0,0,0,0,0,0,0,50
55,1,0,1,2,1,2,1,30
56,1,0,0,0,-1,0,0,0
57,2,2,1,1,2,2,2,50
58,2,1,0,-2,-1,0,1,30
59,-2,0,-1,-2,0,-1,-2,20
60,0,0,0,0,0,0,0,0
61,1,2,0,0,0,0,0,50
62,0,0,0,0,0,0,1,0
63,0,0,0,0,0,0,0,0
64,-1,0,-1,0,-1,-1,0,-50
65,1,1,1,0,1,-1,0,0
66,0,0,0,0,1,1,-1,-20
67,2,1,0,1,1,1,1,30
68,0,0,1,0,0,0,1,10
69,1,1,0,0,0,0,0,20
70,0,0,0,0,-1,0,0,30
71,0,0,0,0,0,0,0,0
72,0,0,0,0,0,0,0,0
73,1,1,1,2,1,0,1,30
74,1,0,0,0,0,0,0,10
75,0,2,0,0,0,0,-1,50
76,1,1,0,-1,0,0,0,-10
77,0,0,0,0,0,0,0,20
78,0,0,0,0,0,0,0,0
79,0,0,0,0,0,0,0,50
80,-2,-2,-2,-2,-2,-2,-2,10
81,-1,-1,-1,-1,0,-1,-1,20
82,1,-1,0,0,1,0,-1,50
83,0,-1,-2,-2,-1,0,0,-20
84,0,0,-1,0,0,0,0,30
85,0,0,0,0,-1,0,0,30
86,0,1,1,0,0,0,-2,0
87,1,0,1,1,0,1,0,-10
88,-1,-1,-1,0,-1,0,0,-20
89,0,0,0,0,0,0,0,50
90,0,0,0,-2,-1,0,0,0
91,0,0,0,0,0,0,0,0
92,-1,0,-1,-1,-2,-1,-2,30
93,-1,-1,-1,0,0,0,-2,0
94,0,1,1,1,1,1,0,0
95,0,1,0,0,0,0,0,0
96,-1,0,-1,-1,-1,0,-1,-10
97,-1,1,-2,1,-1,1,-1,40
98,0,1,0,0,0,0,0,50
99,1,0,2,0,1,2,0,30
100,0,1,1,2,1,0,1,10
101,0,1,-2,0,1,0,1,20
102,-2,0,0,0,-2,0,-1,10
103,0,0,0,0,-1,1,0,30
104,1,2,1,1,2,1,2,40
105,0,0,0,0,0,0,-1,0
106,-1,0,-2,-1,-1,-2,-1,30
107,0,0,0,1,1,1,0,40
108,0,1,-1,0,0,-1,1,0
109,1,1,0,1,1,1,1,20
110,0,0,0,0,0,0,0,30
111,-1,-1,0,1,0,0,1,40
112,-2,0,-1,-1,-1,-1,1,50
113,0,0,0,0,0,0,0,0
114,1,2,0,0,1,0,0,20
115,0,0,0,-1,0,0,0,20
116,1,1,1,1,0,1,-1,30
117,2,1,1,0,-1,0,2,20
118,0,-1,1,-1,-1,0,-1,-10
119,0,1,2,-2,1,2,-1,-30
120,2,2,0,0,2,2,0,50
121,0,1,-1,0,-1,0,1,0
122,2,0,0,0,1,0,0,20
123,0,0,1,-1,1,0,0,50
124,1,2,0,1,1,1,1,20
125,1,0,1,1,1,1,2,-10
126,1,1,1,1,1,1,1,50
127,2,2,2,2,2,-2,2,20
128,2,2,2,2,2,-1,0,-10
129,1,1,0,2,2,2,1,20
130,1,1,1,1,1,1,1,50
131,-2,-1,0,-2,1,1,-1,30
132,0,0,0,0,0,0,0,20
133,0,0,0,0,0,0,0,-10
134,2,0,1,0,0,0,1,0
135,-1,1,1,0,1,0,0,50
136,0,-1,-1,-2,-2,-1,-2,-30
137,0,0,2,1,1,0,1,20
138,0,0,0,0,0,1,0,0
139,0,0,0,0,0,0,0,30
140,-2,0,1,-1,1,1,1,50
141,1,0,1,0,1,2,0,30
142,0,0,0,-1,0,0,1,50
143,0,0,0,0,1,0,0,20
144,0,0,0,0,0,0,0,-50
145,0,0,0,0,-1,1,0,30
146,0,0,-1,0,0,0,-1,-30
147,0,1,1,0,1,0,0,30
148,1,2,0,0,1,0,-1,30
149,1,0,1,1,0,0,0,20
150,0,1,0,0,1,2,0,30
151,1,0,0,1,0,0,0,50
152,0,0,0,0,-1,-1,2,40
153,1,1,1,0,2,1,0,20
154,2,0,1,2,1,2,1,30
155,1,1,0,1,1,0,0,10
156,0,0,0,1,1,0,1,10
157,1,0,1,2,2,2,2,40
158,0,0,0,-2,0,0,0,-10
159,1,2,2,2,0,-2,-1,40
160,0,0,0,0,0,0,0,30
161,2,1,0,1,1,1,1,40
162,1,0,0,-1,0,0,-1,50
163,0,0,0,0,0,0,0,20
164,0,0,0,0,0,0,0,0
165,0,-1,-1,1,0,-1,-2,-10
166,1,2,1,2,2,0,2,50
167,0,0,0,0,0,0,0,0
168,0,0,0,0,0,0,0,-30
169,0,0,1,0,0,0,0,20
170,-1,0,-2,-1,-2,1,-1,-40
171,0,0,0,0,0,0,0,20
172,0,0,0,0,0,0,0,0
173,2,0,0,0,0,0,-2,0
174,0,1,-1,0,0,0,-1,30
175,0,0,-1,-1,0,0,0,50
176,0,0,0,0,0,0,0,-10
177,0,0,0,0,0,0,0,10
178,-2,0,-1,1,-1,-1,1,10
179,1,0,0,0,0,0,0,10
180,1,1,0,0,1,-1,-1,0
181,0,0,0,-1,0,0,0,30
182,0,1,1,0,0,0,-1,0
183,0,0,0,0,0,0,0,10
184,0,0,1,0,0,0,0,0
185,0,0,0,0,0,0,0,20
186,0,1,-2,-1,0,-2,0,-50
187,-1,1,0,0,0,0,-1,10
188,0,0,0,0,0,0,0,30
189,0,0,-1,0,0,0,0,-20
190,0,0,0,0,0,0,0,50
191,-1,0,1,1,2,1,0,20
192,0,1,1,0,1,0,-1,10
193,0,0,0,0,0,0,0,0
194,0,0,0,0,0,0,0,40
195,-1,0,0,0,0,0,-2,20
196,0,1,1,-1,1,1,-2,-10
197,0,0,0,0,0,0,0,-10
198,1,1,1,1,1,1,1,50
199,0,0,0,0,0,0,0,0
200,1,0,0,-1,-2,-2,2,50
201,0,0,0,0,0,0,0,40
202,0,0,0,0,0,0,0,50
203,0,0,0,0,0,0,0,50
204,0,0,0,0,0,0,0,10
205,0,0,-1,0,0,0,0,0
206,0,-1,1,0,2,1,2,40
207,0,0,0,0,0,0,0,0
208,1,1,1,1,1,1,1,50
209,1,-1,-2,-2,0,0,2,30
210,-1,0,-2,-1,-1,-2,0,20
211,0,0,0,0,0,0,0,0
212,1,1,1,1,0,0,-1,20
213,0,1,0,0,1,1,0,30
214,0,0,0,0,0,0,0,30
215,-1,0,1,1,1,0,2,20
216,0,1,1,-2,1,1,1,20
217,0,0,0,0,0,0,0,0
218,-1,0,-1,-1,0,1,1,20
219,-1,-1,-1,-1,-1,-1,1,50
220,0,0,0,0,0,0,0,30
221,1,0,-1,0,0,0,0,50
222,0,0,0,0,0,0,0,0
223,1,-2,0,-1,1,0,1,40
224,0,0,0,0,0,0,0,0
225,2,1,2,1,2,2,1,30
226,0,0,0,0,0,0,0,0
227,0,0,0,0,0,0,0,0
228,1,1,1,1,1,1,1,50
229,0,0,0,0,0,1,1,20
230,0,1,1,1,2,0,-1,30
231,0,0,0,0,0,0,0,50
232,0,0,0,0,0,0,0,0
233,0,1,1,0,0,0,1,-40
234,1,0,0,2,0,0,-1,50
235,0,2,1,2,2,2,0,30
236,0,0,0,0,0,0,0,20
237,2,2,0,0,0,-2,-2,10
238,-1,1,1,0,-1,0,1,0
239,-2,-2,-1,0,-1,-1,-1,10
240,0,1,1,0,1,0,1,30
241,1,2,1,2,1,1,2,30
242,-1,0,0,-2,0,0,-1,50
243,1,2,1,2,1,1,2,30
244,0,0,0,0,0,0,-2,50
245,1,2,2,1,-2,2,2,0
246,1,2,1,2,1,2,2,30
247,0,-2,-2,-2,-1,-1,-1,-20
248,0,0,-1,0,-1,0,0,0
249,0,0,0,0,0,0,0,20
250,0,0,0,0,0,1,1,-10
251,-1,0,0,0,0,0,0,0
252,1,0,0,-1,0,1,1,0
253,2,2,1,1,2,2,2,50
254,0,1,0,0,0,0,0,0
255,-2,-2,-2,-2,-2,-2,0,0
256,0,0,0,-2,0,0,0,20
257,0,1,-1,1,0,0,0,20
258,0,1,0,0,0,0,0,40
259,0,0,0,1,1,1,1,50
260,2,2,2,2,2,2,2,0
261,0,0,0,0,0,0,0,-20
262,1,1,1,1,1,0,0,50
263,0,0,0,0,0,0,0,-30
264,1,1,1,0,1,0,1,-10
265,0,0,0,0,0,0,0,10
266,0,1,0,0,1,0,0,10
267,0,0,0,0,0,0,0,50
268,0,0,0,0,0,0,0,50
269,0,0,0,0,0,0,0,0
270,2,2,1,1,2,2,1,30
271,0,-1,-2,0,-2,-2,-1,-30
272,1,1,0,0,1,1,0,20
273,2,2,2,1,0,1,2,-30
274,-1,0,0,-1,-1,0,-1,0
275,1,0,0,0,0,0,0,20
276,1,1,0,0,0,0,0,50
277,1,1,2,0,0,0,0,40
278,-1,-2,1,-2,-1,2,0,30
279,0,-1,0,-2,-1,0,0,0
280,-1,-1,-1,-1,-1,-1,0,0
281,0,0,0,-1,0,0,0,30
282,0,1,0,0,0,0,0,0
283,0,0,0,0,0,1,0,20
284,0,0,0,0,0,0,0,0
285,0,-1,-1,0,-1,-1,0,-30
286,0,0,0,0,0,0,0,-10
287,0,0,0,0,0,0,0,50
288,0,0,0,0,0,0,0,30
289,1,1,1,2,1,0,0,30
290,-1,0,0,1,0,0,0,0
291,0,0,1,0,1,0,0,-10
292,0,0,0,0,0,0,0,50
293,0,0,0,0,0,0,0,-50
294,1,1,1,0,0,0,0,20
295,0,0,0,0,0,0,-1,30
296,1,1,2,1,0,1,0,20
297,0,0,0,0,0,0,0,0
298,0,-1,-1,0,-2,2,0,20
299,0,0,1,-1,0,0,0,20
300,-2,-2,-1,0,0,0,-2,-40
301,0,0,0,0,0,0,0,30
302,0,0,0,0,0,0,0,30
303,0,0,0,0,0,0,0,0
304,0,0,0,0,0,0,0,20
305,-1,1,-1,0,-1,1,1,-10
306,0,0,0,0,0,0,0,40
307,1,0,1,0,2,1,-2,20
308,0,0,0,-1,-1,0,0,30
309,-1,0,-1,-1,-1,-1,0,0
310,-1,-1,-1,-1,0,-1,-1,0
311,-1,1,0,0,1,0,1,-20
312,0,0,0,1,0,0,0,-20
313,-2,0,2,1,-2,-1,-2,30
314,0,0,0,0,0,0,0,20
315,0,0,0,0,0,1,2,10
316,-2,-1,0,-1,-2,-2,-2,-30
317,0,0,0,-1,-1,0,0,40
318,2,1,0,1,1,2,2,20
319,0,0,1,1,1,-1,-2,0
320,0,0,0,0,0,0,0,30
321,0,0,1,-2,-1,0,0,10
322,2,1,0,2,1,0,1,20
323,2,1,1,2,1,2,2,20
324,1,1,0,0,1,1,1,30
325,1,1,2,1,1,2,2,20
326,2,2,1,1,2,1,2,40
327,1,1,2,2,2,0,2,30
328,1,1,1,2,2,1,2,10
329,0,1,0,0,0,0,0,0
330,1,0,1,0,0,0,0,30
331,1,2,2,2,1,2,2,10
332,0,0,0,0,0,0,0,50
333,0,-2,-1,-2,-1,-1,0,-40
334,2,0,1,1,0,1,1,40
335,0,0,1,1,0,1,0,30
336,2,1,1,-1,1,1,2,10
337,0,0,0,0,0,0,0,-10
338,-1,-2,-1,0,1,2,-1,30
339,0,0,0,1,-1,0,0,30
340,0,0,0,0,0,0,0,50
341,0,1,1,0,0,0,1,10
342,0,0,0,0,0,0,0,30
343,0,0,0,0,0,0,0,0
344,0,0,0,0,0,0,0,10
345,1,2,1,1,2,0,1,50
346,0,0,0,0,0,0,0,30
347,1,1,-1,0,1,0,1,30
348,0,1,1,0,-2,1,1,10
349,0,0,0,0,0,0,0,30
350,1,2,1,2,2,1,2,50
351,2,1,0,0,1,2,2,10
352,-2,-1,-1,0,0,0,0,-10
353,2,2,2,2,2,2,2,50
354,0,1,1,1,0,1,1,0
355,1,2,1,2,1,2,1,50
356,2,2,1,1,2,2,2,20
357,0,0,1,1,2,1,1,40
358,1,-1,-1,0,-1,-1,1,30
359,0,1,1,0,0,0,1,0
360,0,-1,-1,-1,0,-1,-1,0
361,0,0,0,-1,0,0,0,40
362,-1,0,0,0,0,1,-1,30
363,0,0,0,0,0,0,0,0
364,1,1,1,1,1,1,1,20
365,0,0,1,1,2,2,1,-20
366,0,0,0,0,1,0,0,-50
367,2,1,1,-1,0,2,-1,40
368,2,0,0,0,0,0,0,0
369,2,0,1,2,1,0,0,0
370,0,1,0,0,-1,-2,0,20
371,0,0,0,0,0,0,1,10
372,1,-1,0,1,1,0,0,10
373,0,0,0,0,0,0,0,-10
374,0,0,1,1,2,2,-2,50
375,0,0,-1,-1,0,0,0,-10
376,0,-1,0,-1,0,-2,-1,30
377,0,0,0,0,0,0,0,20
378,-1,0,1,0,-1,-2,1,-30
379,-1,0,1,0,-1,0,0,10
380,1,1,-1,0,-1,0,1,20
381,2,0,-1,-1,0,0,-1,50
382,0,0,0,1,0,0,0,40
383,-2,-1,1,0,1,0,1,10
384,2,1,0,0,1,0,0,20
385,2,2,2,2,2,2,2,50
386,-1,0,0,-2,1,1,-1,10
387,0,0,0,0,0,0,0,30
388,0,0,0,0,0,0,0,10
389,0,0,0,0,0,0,-1,50
390,1,1,0,0,2,1,0,20
391,0,0,-2,-1,-1,-2,-2,-30
392,0,0,0,0,0,0,0,0
393,0,0,-1,0,-2,1,0,0
394,0,1,1,0,0,1,1,20
395,1,1,0,0,1,1,1,20
396,0,0,-1,0,0,0,0,0
397,0,-1,-1,-1,0,0,1,20
398,-1,-2,2,0,-2,-1,1,40
399,0,1,0,0,1,0,0,50
400,1,1,-2,1,0,-1,-1,20
401,1,0,1,2,1,2,1,40
402,1,1,1,1,1,1,1,50
403,1,0,0,0,1,0,0,0
404,0,2,1,1,0,-1,2,0
405,2,2,1,2,2,1,2,30
406,-1,0,1,-1,1,-1,2,30
407,0,0,1,0,1,0,-1,50
408,-1,-1,-1,-1,-1,-1,-1,30
409,0,0,-1,-1,0,0,0,20
410,0,1,0,1,2,0,1,30
411,1,1,0,0,1,0,0,20
412,0,0,0,0,0,0,-1,20
413,0,0,2,0,0,1,1,50
414,-2,-1,0,0,0,0,0,10
415,-1,-1,0,0,0,-2,0,10
416,0,0,0,0,0,0,0,30
417,0,0,0,0,0,1,0,40
418,-2,-2,-2,-2,-2,-2,-2,-20
419,1,0,0,0,1,0,0,20
420,0,2,0,2,2,0,0,50
421,0,0,0,0,1,0,1,40
422,0,0,0,1,1,1,0,0
423,1,2,1,2,1,1,2,50
424,-1,0,-2,-1,-1,-1,1,-30
425,-1,0,-1,1,0,1,0,10
426,0,0,1,1,0,0,1,10
427,-2,-2,0,0,1,0,-1,0
428,0,0,0,0,0,0,0,0
429,-2,0,-1,-2,1,0,-2,10
430,0,0,0,0,0,0,0,50
431,0,0,0,0,0,0,-2,50
432,0,1,1,0,1,2,2,40
433,0,0,0,0,0,0,0,20
434,0,1,1,1,1,0,0,40
435,0,0,1,0,0,0,-1,-20
436,0,1,1,1,1,1,2,30
437,0,1,-1,0,1,-1,-1,20
438,1,2,1,2,1,2,2,50
439,1,1,0,2,0,1,0,30
440,-1,2,2,-2,-2,1,-2,-20
441,0,0,0,1,0,0,0,50
442,2,0,1,-1,1,1,0,50
443,0,0,0,0,0,0,0,20
444,1,-1,1,1,0,0,0,10
445,0,0,-1,0,0,1,0,-10
446,1,0,1,0,1,1,2,20
447,-1,-1,-1,1,-1,0,1,0
448,2,0,-1,-1,0,-1,1,10
449,0,0,0,0,0,0,2,50
450,1,0,2,1,0,2,1,50
451,0,0,0,0,0,2,2,0
452,-1,0,0,0,0,1,0,-10
453,-1,0,0,-2,-1,1,1,30
454,0,1,0,0,0,-1,1,30
455,0,0,0,0,0,0,0,0
456,0,0,0,0,0,0,0,30
457,0,0,0,0,0,0,0,0
458,1,1,1,1,2,1,1,20
459,0,0,0,0,0,0,0,0
460,0,0,0,0,0,0,0,0
461,1,1,0,0,0,0,-1,0
462,0,0,0,0,0,0,-2,0
463,0,0,1,0,0,0,0,-20
464,0,1,-1,-1,1,0,0,40
465,-1,0,1,1,1,1,1,30
466,0,-1,0,0,0,0,0,0
467,1,0,1,0,0,1,0,50
468,0,0,0,0,0,0,0,0
469,0,1,1,1,2,1,2,20
470,1,0,1,0,0,0,0,0
471,0,1,-2,0,-1,-1,0,20
472,0,0,0,0,0,0,0,50
473,0,0,-1,0,0,0,0,40
474,0,0,0,0,0,0,0,0
475,2,2,2,2,2,2,2,30
476,1,-1,-1,-1,-1,-1,2,30
477,0,1,2,1,1,0,2,50
478,0,0,1,0,0,0,1,40
479,0,1,1,2,1,-1,0,20
480,0,0,1,1,0,0,2,0
481,1,1,0,0,0,1,1,0
482,1,1,1,2,1,1,1,30
483,1,2,1,0,0,1,-1,-10
484,-1,-2,-1,-1,-2,-1,0,0
485,0,1,0,1,2,1,-1,30
486,0,1,0,0,0,0,-1,0
487,0,0,0,0,1,0,1,30
488,0,-1,1,1,0,0,1,10
489,-1,0,1,0,1,-1,1,50
490,0,0,0,0,0,0,0,-20
491,0,0,0,0,0,0,0,0
492,-1,-1,-1,-1,-1,-1,-1,-50
493,2,2,2,1,2,-1,2,20
494,0,1,0,0,0,0,0,50
495,2,-2,0,-2,0,2,0,30
496,0,0,0,0,0,0,0,0
497,-1,0,0,0,0,0,2,30
498,0,0,0,0,0,0,-2,0
499,0,0,1,0,-1,0,1,30
500,-1,0,0,1,0,1,1,30
501,0,0,0,0,0,0,0,0
502,1,1,1,1,1,1,1,0
503,0,0,-1,0,1,0,-1,30
504,-1,1,-1,0,-1,0,0,0
505,1,0,2,1,0,1,-2,50
506,0,1,-1,0,1,-1,-2,-20
507,0,1,1,1,1,1,1,20
508,0,1,0,0,1,0,0,30
509,0,1,1,1,0,1,1,20
510,2,2,2,2,2,2,2,-30
511,0,0,0,0,0,0,0,0
512,-1,0,0,0,-1,-1,0,40
513,1,0,0,0,1,1,2,40
514,1,0,2,0,0,0,1,50
515,0,1,2,1,1,1,2,20
516,1,1,0,1,1,1,0,30
517,1,2,1,1,1,1,1,30
518,-1,0,0,-1,0,0,-1,20
519,0,0,-1,0,0,0,-2,50
520,-2,-2,-2,0,-2,-2,-1,20
521,0,0,1,1,-1,0,1,20
522,1,1,1,1,1,0,0,30
523,0,0,0,0,1,0,0,30
524,0,0,0,0,0,0,0,0
525,1,1,-1,-1,1,1,0,50
526,-1,0,-1,1,1,0,-1,20
527,1,0,-1,-1,0,0,1,50
528,0,0,0,0,0,0,0,0
529,1,1,1,0,0,0,0,50
530,-1,0,0,0,0,-1,0,50
531,0,-2,-2,2,0,0,-2,30
532,2,1,1,1,2,1,2,20
533,0,0,0,0,0,0,-1,30
534,0,0,-2,0,0,-2,-1,30
535,1,2,2,0,0,1,1,40
536,0,0,0,2,0,0,0,40
537,1,1,2,2,1,0,2,50
538,1,1,0,1,0,-1,0,10
539,0,0,0,0,0,0,0,-20
540,0,0,1,1,1,0,-1,0
541,0,0,0,0,1,1,0,0
542,1,0,0,0,1,1,1,50
543,0,0,0,0,-2,0,0,-20
544,1,1,0,1,1,0,-1,0
545,0,0,0,0,0,0,0,40
546,-1,-2,0,0,0,0,0,30
547,1,1,0,2,1,1,1,50
548,2,1,1,2,2,1,1,40
549,0,0,0,0,0,0,0,50
550,0,1,1,2,1,1,2,10
551,0,0,0,0,0,0,0,50
552,-1,-1,1,1,-1,-2,1,-30
553,0,-1,0,1,0,1,-1,40
554,-1,-2,0,-2,-1,-1,-1,30
555,1,0,0,0,0,1,0,30
556,0,0,-1,0,0,0,0,50
557,0,0,-1,0,-1,0,0,-10
558,0,0,1,1,1,0,0,0
559,0,0,0,0,0,0,0,50
560,0,1,0,0,0,0,-2,30
561,-1,-1,1,0,1,-1,1,-10
562,0,1,2,0,1,2,0,40
563,0,-2,-2,-1,-2,-2,0,20
564,1,0,2,1,0,0,1,0
565,2,1,1,2,2,2,2,30
566,1,1,1,1,1,1,1,40
567,-1,0,-1,-1,0,0,1,30
568,0,1,1,1,1,1,0,20
569,0,0,0,0,0,0,0,50
570,0,0,0,0,0,0,0,-10
571,0,0,0,0,0,0,0,0
572,0,1,1,2,1,2,1,-10
573,0,0,1,0,0,1,0,30
574,-2,0,-2,0,-2,0,0,0
575,0,0,1,1,0,0,0,20
576,-1,1,0,0,0,0,0,20
577,1,1,0,-1,0,-2,0,30
578,0,0,0,0,0,0,0,50
579,1,2,2,2,-1,0,2,-10
580,0,0,1,1,0,1,1,0
581,1,1,2,2,2,1,1,40
582,1,0,1,1,0,0,1,20
583,0,0,0,0,0,0,0,0
584,0,-2,-2,-1,-1,0,0,-30
585,1,2,1,2,2,2,2,50
586,0,0,0,0,0,0,0,0
587,0,0,0,0,0,0,0,10
588,0,0,0,1,0,1,1,0
589,-1,0,-1,0,-1,0,1,0
590,0,0,0,0,1,0,1,10
591,1,1,2,1,0,1,2,30
592,0,0,0,0,0,0,0,30
593,-1,1,2,0,0,0,0,-20
594,1,-1,-1,0,0,0,1,20
595,0,0,-1,-2,-1,0,-1,40
596,2,2,2,2,2,1,0,50
597,0,0,1,1,1,0,0,50
598,1,1,2,0,1,0,0,50
599,0,0,-1,-1,0,1,0,20
600,0,0,0,0,0,0,-1,10
601,0,0,-2,0,0,0,0,0
602,1,0,0,0,0,1,0,0
603,1,0,-1,0,1,1,1,-10
604,1,1,0,1,2,0,1,40
605,1,1,1,1,1,1,1,50
606,0,0,0,0,0,0,0,-50
607,0,0,0,0,0,0,0,0
608,-1,-2,-2,-2,-2,0,0,0
609,2,2,2,0,2,0,0,30
610,0,0,-2,0,-1,0,0,20
611,0,1,1,-2,1,0,0,30
612,0,0,1,0,0,0,-1,50
613,0,0,1,1,0,1,1,30
614,1,2,2,0,1,2,1,20
615,0,0,2,2,1,2,0,40
616,0,0,0,0,0,-2,-2,-10
617,0,0,0,0,0,0,0,0
618,2,0,1,1,0,0,2,20
619,1,1,2,1,0,0,0,-50
620,0,0,0,0,0,-1,0,0
621,0,0,0,0,0,0,1,-10
622,0,0,0,0,0,0,0,0
623,0,0,0,0,0,0,0,50
624,1,1,0,1,1,1,1,30
625,-2,0,1,-1,0,1,1,30
626,1,0,-1,2,1,2,0,20
627,0,1,-2,-2,-2,2,1,40
628,-1,0,0,0,0,-1,0,-30
629,2,2,2,2,2,2,2,10
630,0,0,-1,0,0,0,0,-20
631,2,-1,-2,0,-1,1,-1,20
632,0,0,0,1,0,-1,-2,40
633,-1,0,-1,-1,0,-1,-1,30
634,1,2,1,2,1,2,1,40
635,-1,0,0,0,-1,0,-1,30
636,0,0,0,0,0,0,0,0
637,2,0,1,2,1,2,2,40
638,0,-2,-2,0,-2,0,0,-50
639,1,1,0,0,0,0,0,50
640,0,2,0,0,0,1,0,20
641,1,1,1,-2,1,1,1,20
642,0,0,1,0,0,0,0,20
643,-1,0,1,0,0,0,1,0
644,-2,-2,-2,-1,-1,-1,0,30
645,-1,-1,2,-1,0,1,0,30
646,0,1,1,1,0,0,0,30
647,0,1,0,0,0,0,1,20
648,0,0,0,-2,0,0,0,0
649,0,0,-2,0,-1,-1,-1,40
650,2,2,2,2,1,1,1,10
651,-2,-2,-2,0,-2,-1,-1,30
652,0,-1,-2,1,-1,0,2,-30
653,-2,0,-1,-1,1,-2,-1,30
654,1,1,1,1,1,0,0,50
655,0,0,1,1,1,1,1,40
656,0,0,0,0,0,0,0,30
657,0,0,0,0,0,0,0,50
658,0,0,0,0,0,0,0,0
659,0,1,0,0,0,1,0,20
660,0,-2,-1,0,1,0,0,30
661,1,0,0,-2,0,0,0,30
662,2,1,2,1,2,1,2,40
663,-1,2,1,0,2,-1,0,0
664,0,0,0,0,0,0,0,20
665,0,0,0,0,0,0,0,0
666,0,0,0,0,0,0,0,0
667,1,1,1,1,1,-1,1,40
668,1,1,1,0,0,0,0,30
669,0,1,1,0,0,0,0,20
670,0,-1,-1,-2,1,0,0,-30
671,1,1,-1,0,0,-1,0,10
672,0,0,0,0,0,0,0,50
673,0,0,0,0,0,0,0,20
674,1,0,0,0,0,0,1,0
675,0,0,0,0,0,0,1,30
676,0,1,-1,0,0,0,0,-50
677,0,0,-1,-1,0,0,0,40
678,0,0,0,0,0,0,0,0
679,2,2,0,0,0,0,1,0
680,0,0,0,0,0,0,0,0
681,-1,0,-1,-2,-1,-1,0,-20
682,1,0,0,-1,0,0,0,-20
683,0,0,-1,0,0,0,0,0
684,0,0,0,0,-1,-1,0,20
685,0,0,0,0,0,0,0,0
686,0,0,0,0,0,0,0,0
687,0,-1,-1,0,-1,-1,0,20
688,2,2,1,1,1,2,0,50
689,0,0,-2,-1,0,0,0,30
690,2,0,2,0,-2,0,0,0
691,1,0,1,0,1,1,0,20
692,0,0,0,0,-1,0,0,0
693,0,-1,-1,-1,-1,-1,0,40
694,0,0,1,0,0,0,0,20
695,0,0,0,0,0,0,0,30
696,0,1,1,1,0,0,1,0
697,0,0,0,0,0,-1,0,-20
698,-1,0,0,0,0,1,1,-30
699,0,0,1,0,0,0,0,-10
700,-1,0,0,0,-1,0,0,-30
701,0,-1,-1,0,-1,1,2,0
702,0,0,0,0,0,0,0,0
703,0,0,0,0,0,0,0,30
704,-1,-1,-1,-1,-1,-1,0,0
705,0,0,0,0,0,0,0,50
706,0,0,0,0,0,0,0,-50
707,0,0,0,0,0,0,0,-20
708,1,0,0,-1,0,0,-1,30
709,0,0,0,0,0,0,0,20
710,-1,-2,-2,-1,-2,0,0,-40
711,0,0,0,0,0,0,-1,50
712,0,0,0,0,0,0,0,40
713,0,1,0,0,0,0,1,20
714,0,0,0,0,0,0,0,20
715,0,0,0,0,0,0,0,0
716,-1,0,2,0,1,0,0,-10
717,0,0,0,0,0,0,0,20
718,0,0,-1,0,0,0,0,10
719,0,0,0,0,0,0,0,50
720,0,1,2,0,0,1,-1,20
721,0,0,0,0,1,0,0,0
722,0,1,1,1,1,-2,1,50
723,-1,-1,-1,-1,-1,-2,0,30
724,0,0,1,-1,0,0,0,0
725,0,0,-1,-1,0,0,0,0
726,0,0,0,0,-1,0,0,0
727,1,2,0,1,2,1,0,20
728,0,0,0,-1,-1,0,0,50
729,0,0,0,0,0,1,0,20
730,1,0,0,0,-1,0,-1,0
731,-1,-1,-1,0,-1,-1,0,10
732,0,0,0,0,0,0,0,20
733,-1,0,0,0,0,-1,0,10
734,0,0,0,0,0,0,0,20
735,0,0,-1,0,0,0,0,30
736,0,0,0,-2,-2,0,0,0
737,-2,-1,1,0,2,-2,-1,20
738,0,1,0,1,1,0,0,0
739,-1,-1,0,0,0,0,0,30
740,0,0,0,0,0,0,-1,10
741,1,0,1,-1,0,1,0,0
742,1,0,1,1,0,0,0,-20
743,-1,0,0,0,0,0,0,0
744,0,0,0,0,0,0,0,-10
745,0,0,0,0,0,0,0,40
746,0,0,0,0,0,0,0,0
747,0,0,0,0,-1,1,0,0
748,0,0,0,0,0,0,-1,20
749,0,0,1,-1,0,-1,1,-10
750,0,0,0,0,0,0,0,0
751,1,1,1,0,1,1,1,0
752,0,0,0,0,0,0,0,50
753,0,1,0,0,0,0,0,10
754,0,0,-1,0,-1,-1,1,50
755,0,0,0,0,0,0,0,0
756,1,2,2,2,2,0,0,50
757,0,0,0,0,0,0,0,0
758,0,-1,-1,-1,-1,0,2,50
759,1,-1,-2,0,0,0,0,50
760,1,1,2,1,1,1,0,-10
761,1,1,2,2,2,2,1,50
762,0,0,0,0,0,0,0,-10
763,1,1,1,1,1,1,1,0
764,1,0,0,1,1,0,0,30
765,0,0,0,0,0,0,0,0
766,0,1,0,0,0,0,0,30
767,1,1,2,2,2,1,1,20
768,2,1,2,2,1,2,2,50
769,0,0,0,0,1,0,0,0
770,0,1,-1,0,1,0,0,-20
771,0,-1,0,0,0,0,0,0
772,0,0,1,1,1,1,1,30
773,0,0,0,0,0,0,0,0
774,0,0,0,0,0,0,0,-30
775,-1,0,-1,0,0,1,0,20
776,0,-1,-1,-2,0,0,0,50
777,1,0,1,0,0,0,0,0
778,1,1,0,2,1,2,1,40
779,0,0,0,0,0,0,-1,30
780,1,0,0,0,0,0,-1,-20
781,-1,-2,-2,-2,-1,0,0,30
782,0,0,1,0,0,1,1,30
783,0,-1,-1,-1,-1,-1,0,-10
784,1,0,0,0,0,0,1,20
785,2,1,1,2,1,1,1,40
786,0,0,0,0,0,0,0,-40
787,0,0,1,1,1,1,0,50
788,0,-1,-1,0,0,-1,0,0
789,0,1,-1,0,0,0,0,40
790,0,0,0,0,0,-1,0,50
791,0,0,-1,-1,0,0,1,20
792,0,1,1,0,0,-2,1,30
793,0,0,0,0,0,-1,0,0
794,0,0,-2,-2,0,0,0,-40
795,-1,-1,-1,0,0,-1,-1,0
796,0,1,0,0,0,0,0,0
797,2,1,2,1,2,1,2,20
798,0,0,0,0,0,0,0,-50
799,0,-1,0,0,0,0,0,0
800,0,0,0,0,0,0,0,50
801,2,2,1,2,2,1,2,50
802,1,2,0,0,-2,0,1,0
803,0,0,0,0,0,0,0,50
804,0,0,-2,0,0,-1,0,-50
805,1,1,1,0,1,0,1,20
806,1,0,1,0,0,0,1,20
807,0,0,0,0,0,0,1,50
808,-1,-2,-2,-2,-2,-2,-1,-20
809,0,1,-1,0,1,1,0,20
810,2,2,2,2,2,2,2,50
811,0,0,0,0,0,0,0,50
812,0,0,0,0,0,0,0,-50
813,0,0,0,0,0,0,0,40
814,2,-1,1,0,0,0,-1,10
815,2,2,2,0,1,1,1,20
816,-2,-1,0,1,2,0,1,30
817,0,0,0,0,0,0,0,30
818,0,0,0,0,0,0,0,0
819,0,1,1,0,1,1,2,-10
820,0,0,0,-2,0,0,0,0
821,0,0,0,0,-1,0,0,0
822,0,0,0,1,1,0,0,20
823,-1,0,0,0,0,1,1,30
824,1,1,0,1,2,1,1,10
825,-1,0,-2,-2,-2,-2,0,-20
826,0,1,0,-1,1,0,-2,30
827,0,0,1,-2,0,0,0,40
828,2,2,2,2,2,2,0,50
829,2,0,1,0,0,0,0,10
830,0,1,0,0,0,0,-1,50
831,0,0,-1,0,0,0,-2,-20
832,2,1,-2,-1,-2,0,-1,0
833,1,1,0,0,0,0,0,20
834,0,1,1,1,1,0,1,50
835,-1,1,1,0,1,0,0,0
836,0,0,0,0,0,0,0,20
837,0,0,1,1,0,0,1,50
838,0,0,0,0,0,0,1,10
839,0,0,0,0,0,0,0,0
840,0,1,0,0,1,0,0,30
841,0,1,1,1,0,0,-1,20
842,0,0,0,0,0,0,0,-10
843,0,1,1,0,1,0,0,50
844,-1,1,2,1,2,1,-2,0
845,0,1,1,2,0,1,0,30
846,1,2,1,0,2,0,-1,-30
847,0,0,0,0,0,1,1,40
848,0,0,0,0,0,0,0,0
849,0,0,1,0,0,0,1,20
850,1,0,1,1,0,1,1,10
851,-1,-1,-1,-2,0,0,-2,20
852,0,0,0,0,-2,0,0,50
853,1,1,0,0,0,1,1,50
854,1,-1,1,0,0,0,-2,-20
855,0,-1,-2,-1,-2,0,0,-20
856,1,2,1,0,1,0,-1,40
857,1,1,1,1,1,1,1,50
858,0,2,1,-1,0,1,1,40
859,0,-1,-1,-2,-1,0,-1,-20
860,0,0,0,-2,0,0,0,0
861,0,0,-2,0,-2,0,0,0
862,2,2,2,2,2,2,2,50
863,0,1,1,0,0,0,0,-20
864,0,1,0,0,0,0,0,50
865,1,1,2,1,2,2,1,30
866,0,-1,-2,-2,-1,0,-1,-10
867,0,0,1,0,0,0,-2,50
868,0,0,0,0,-2,0,0,30
869,0,0,0,0,0,0,0,30
870,0,0,0,0,0,0,0,0
871,0,0,0,0,0,1,0,20
872,0,0,0,0,0,0,0,0
873,0,0,0,0,0,0,0,0
874,2,1,2,2,1,1,2,0
875,0,0,0,0,1,0,0,-20
876,0,0,-1,0,0,0,0,-20
877,1,1,1,1,0,1,1,10
878,0,1,1,0,1,1,0,0
879,-1,-2,2,0,1,1,0,40
880,1,0,0,0,0,0,1,10
881,1,1,1,0,1,0,1,20
882,2,1,2,2,1,2,2,0
883,2,2,2,2,2,2,2,50
884,0,0,0,0,0,0,0,50
885,0,0,0,0,0,0,0,0
886,1,0,0,0,0,0,0,0
887,1,2,1,0,1,2,0,0
888,1,0,-1,-1,0,0,0,-20
889,-1,0,1,0,-1,1,2,-30
890,2,2,2,0,0,0,0,0
891,0,0,0,0,0,0,0,30
892,-1,-1,-2,-2,-1,0,0,10
893,0,0,0,0,0,0,0,50
894,1,1,1,1,1,2,1,50
895,0,0,0,0,0,0,0,50
896,0,0,-1,0,-1,-1,0,0
897,-1,-1,1,0,-1,0,1,10
898,0,0,0,0,0,0,0,10
899,1,0,0,0,1,0,1,40
900,-1,1,1,0,0,0,0,0
901,-1,0,0,0,-1,0,0,-10
902,0,0,2,0,1,0,0,40
903,0,0,0,1,1,0,0,40
904,0,0,0,0,0,0,-1,20
905,0,0,0,0,0,1,1,20
906,0,0,0,0,0,0,0,50
907,0,1,0,0,0,0,-2,50
908,0,0,0,0,0,0,0,0
909,0,1,-1,0,-1,-1,0,10
910,0,0,0,0,0,0,0,0
911,0,0,0,0,0,0,0,50
912,0,0,0,0,0,0,0,50
913,0,0,0,0,0,0,0,0
914,1,0,0,-1,0,-2,-1,30
915,0,0,0,-2,1,1,0,30
916,-2,-1,-2,-1,-1,-2,-2,20
917,0,2,0,0,2,0,0,50
918,0,0,0,-1,0,-1,-2,10
919,0,0,0,0,0,0,0,0
920,1,0,1,1,1,0,0,50
921,0,0,0,0,0,0,0,0
922,0,0,0,0,0,0,0,0
923,0,0,0,-2,0,1,-2,0
924,0,0,-1,0,0,0,0,0
925,0,0,0,0,0,0,0,0
926,1,2,1,0,1,0,2,-10
927,0,0,0,0,0,0,0,50
928,-1,1,-1,0,0,0,1,0
929,2,1,2,0,2,0,0,0
930,0,1,0,0,0,1,0,0
931,0,0,0,0,0,0,0,0
932,-1,0,0,0,0,-1,0,-50
933,0,0,0,0,-2,0,1,10
934,1,0,-1,-1,0,0,-1,-20
935,0,1,1,2,1,0,0,0
936,0,1,0,0,0,0,0,20
937,0,0,0,0,0,0,0,50
938,2,2,2,2,2,0,0,0
939,0,0,0,0,0,0,0,0
940,0,1,1,0,2,0,1,30
941,-1,0,1,1,1,0,0,50
942,0,0,0,0,0,1,0,30
943,0,0,-2,0,0,0,0,50
944,0,0,0,0,0,0,0,30
945,1,0,0,0,-1,0,0,-10
946,0,0,0,0,0,0,0,20
947,0,0,0,0,0,0,0,50
948,-1,-2,-2,-1,0,-1,0,-20
949,-1,-1,0,0,0,0,1,0
950,0,1,1,0,1,1,0,0
951,-1,-1,0,0,0,0,0,50
952,1,2,2,1,2,1,1,10
953,0,1,1,1,1,0,1,50
954,0,-1,0,0,0,-1,0,0
955,2,2,2,2,2,1,0,30
956,1,1,2,0,1,2,1,10
957,0,0,0,0,0,0,-1,0
958,0,0,0,1,0,0,0,-10
959,-1,2,0,0,2,0,-1,50
960,0,1,1,0,1,2,0,50
961,-1,-1,0,0,-1,0,-1,40
962,0,0,1,0,-2,0,-1,50
963,1,1,1,1,1,2,1,50
964,1,1,-1,-1,-1,0,1,50
965,1,1,0,0,0,2,0,40
966,0,0,0,0,0,0,0,40
967,-1,0,-1,-1,0,0,2,50
968,1,-1,0,0,-2,0,0,50
969,0,0,0,0,-1,-1,0,10
970,-1,-1,-1,-2,0,0,0,20
971,0,0,0,0,0,0,0,20
972,2,2,-1,-2,-2,1,0,20
973,1,0,1,1,1,0,1,30
974,1,2,2,2,2,2,2,-50
975,0,1,0,0,1,1,0,40
976,1,1,0,0,1,0,0,20
977,2,2,1,2,2,2,1,40
978,0,0,0,0,0,0,0,0
979,0,-1,-1,-1,0,0,0,-30
980,0,0,0,0,0,0,0,0
981,0,0,1,-1,1,1,0,50
982,0,-2,0,0,-2,0,0,30
983,0,1,-1,0,1,0,0,0
984,1,-1,-2,-1,-2,0,0,20
985,-1,0,-2,-1,-1,-2,0,-10
986,0,0,0,0,0,0,0,20
987,1,0,0,-1,0,-1,0,50
988,1,1,0,0,0,0,-1,-30
989,0,0,0,0,0,0,0,30
990,0,0,1,0,-1,0,0,50
991,0,0,1,-1,0,0,0,20
992,0,0,0,0,0,0,-2,0
993,0,0,0,0,0,0,0,0
994,0,1,-1,0,1,0,1,-10
995,-1,-1,-1,-1,0,0,0,50
996,0,0,-2,-2,-1,0,0,20
997,1,0,1,0,1,1,1,10
998,0,0,0,0,0,0,1,0
999,0,0,0,0,0,0,0,0
1000,0,1,0,0,0,0,0,30
1001,0,0,0,0,0,0,0,0
1002,0,1,1,0,1,-1,0,30
1003,0,2,2,0,0,0,0,0
1004,2,2,2,0,0,0,0,50
1005,0,-2,-1,-2,-1,0,-1,0
1006,0,0,0,0,0,0,0,0
1007,0,0,0,1,-1,0,0,50
1008,0,-2,-2,0,-2,-2,0,50
1009,2,2,0,0,2,2,0,50
1010,1,2,0,0,1,0,0,20
1011,0,0,0,0,0,0,-2,50
1012,2,0,0,0,0,0,1,40
1013,2,2,0,0,-1,0,0,20
1014,0,0,0,0,0,0,0,-50
1015,-1,0,-1,-1,-2,0,0,20
1016,0,0,-1,-1,0,0,0,-20
1017,0,1,2,2,1,2,1,30
1018,0,0,0,0,0,0,-1,10
1019,0,0,0,0,0,0,0,-10
1020,0,0,-1,-1,0,0,-1,20
1021,0,2,1,0,2,0,2,0
1022,2,1,1,0,1,0,1,-20
1023,-2,-1,-2,-1,-1,-2,0,-20
1024,0,0,2,0,0,0,0,20
1025,2,1,0,0,1,0,0,20
1026,0,0,0,0,0,0,0,-30
1027,0,0,0,0,0,0,0,0
1028,0,0,2,0,0,0,1,20
1029,-1,0,-2,0,0,0,0,0
1030,0,0,-1,0,0,0,0,30
1031,0,0,0,0,0,0,0,50
1032,0,0,0,0,0,0,0,50
1033,-1,0,0,0,0,0,0,30
1034,0,0,0,0,0,0,0,-30
1035,1,1,0,0,1,0,1,10
1036,1,0,0,0,0,0,-1,20
1037,2,0,0,0,0,0,1,50
1038,0,1,0,-1,0,0,-1,20
1039,0,0,-2,-1,0,0,0,-50
1040,0,0,0,0,0,0,0,0
1041,0,0,0,-1,0,0,0,30
1042,0,0,0,0,0,0,0,20
1043,0,-1,0,0,0,0,0,-10
1044,1,1,1,0,1,-1,0,10
1045,0,0,0,0,0,0,0,50
1046,1,-1,1,0,0,0,0,40
1047,-1,0,0,0,0,0,0,0
1048,0,0,0,0,0,-1,-1,50
1049,0,0,-1,0,-1,-1,0,30
1050,1,0,1,0,1,0,0,0
1051,1,0,0,0,-1,-1,-1,20
1052,2,2,2,2,2,2,2,50
1053,0,0,0,0,0,0,0,50
1054,0,0,2,1,0,0,1,10
1055,0,0,-1,0,-1,0,0,-30
1056,0,0,1,0,0,0,0,50
1057,1,0,0,-1,-1,-1,1,30
1058,-1,1,1,0,0,-1,1,20
1059,1,2,-1,0,-1,1,0,20
1060,1,0,1,0,-1,1,1,30
1061,0,0,0,0,0,0,0,10
1062,0,0,1,0,1,2,2,50
1063,1,1,1,1,1,0,0,20
1064,2,1,1,1,1,0,2,50
1065,0,1,0,1,0,0,0,-20
1066,1,0,2,0,0,0,0,20
1067,0,0,1,0,1,0,0,20
1068,-1,0,0,0,0,0,-1,20
1069,0,0,0,0,0,0,0,10
1070,0,2,0,0,1,0,1,30
1071,1,0,0,0,0,0,0,50
1072,0,0,0,0,0,0,0,10
1073,-1,-1,-1,0,-1,-1,-1,10
1074,1,0,1,-1,0,0,0,20
1075,0,0,0,0,0,0,-1,0
1076,0,0,0,0,0,0,0,50
1077,0,0,0,0,0,0,0,30
1078,0,1,1,-1,0,0,0,40
1079,0,0,0,0,0,0,0,0
1080,0,0,0,0,0,0,0,-10
1081,0,1,0,0,1,1,0,0
1082,-1,0,0,0,0,0,0,20
1083,0,0,2,0,0,2,2,50
1084,0,0,0,0,0,0,0,-30
1085,0,0,0,0,-1,0,1,-30
1086,1,1,1,0,1,-1,0,50
1087,0,0,1,0,0,0,0,20
1088,0,0,0,0,0,0,0,10
1089,0,0,0,0,-1,0,0,20
1090,0,0,0,-2,0,0,-1,30
1091,0,0,-1,-1,0,-1,0,0
1092,0,0,0,0,0,0,0,0
1093,0,0,0,0,0,0,0,0
1094,0,0,0,0,0,0,0,50
1095,0,0,1,1,-1,1,1,50
1096,0,0,0,0,0,0,1,40
1097,-1,1,-1,-2,-1,-1,0,-20
1098,0,0,0,0,0,-1,0,50
1099,2,1,0,1,2,1,2,30
1100,2,2,2,2,2,2,1,30
1101,-2,-1,-2,0,-2,0,1,30
1102,2,2,2,2,2,2,2,10
1103,0,0,0,0,0,0,0,50
1104,1,0,0,0,1,0,0,0
1105,0,-1,-1,-1,-1,-1,-1,50
1106,2,1,2,2,1,2,2,40
1107,0,-1,2,-2,-2,0,0,40
1108,0,1,1,0,0,0,1,-30
1109,0,0,0,0,0,0,-1,50
1110,2,2,1,1,-1,2,2,50
1111,0,1,1,0,0,0,1,20
1112,-1,-1,-1,1,1,0,0,40
1113,1,2,0,0,0,0,0,20
1114,0,0,1,1,0,-1,1,50
1115,0,0,0,0,0,-1,0,20
1116,0,0,-1,-1,0,0,0,50
1117,-1,-1,0,0,-1,-1,1,-30
1118,-1,0,-1,1,0,0,0,10
1119,0,0,0,0,2,0,0,0
1120,0,0,0,0,0,0,0,0
1121,0,0,0,1,0,0,0,50
1122,0,1,1,1,0,0,1,30
1123,0,1,1,1,1,1,1,20
1124,1,1,1,-1,2,1,-1,-30
1125,1,1,1,2,2,2,2,30
1126,0,0,-1,-1,0,0,0,20
1127,0,0,0,0,0,0,-1,10
1128,2,1,1,2,1,2,2,40
1129,0,0,0,0,0,0,0,50
1130,0,1,0,0,0,0,0,0
1131,2,1,2,2,2,1,2,40
1132,0,0,1,0,0,0,0,30
1133,2,2,2,-1,2,0,0,30
1134,1,-2,0,0,-2,-2,2,30
1135,0,1,1,0,0,0,0,0
1136,1,1,1,2,2,2,1,30
1137,-2,-1,-1,-1,-1,-2,-1,50
1138,1,2,2,1,0,2,2,30
1139,-2,-1,-2,-2,0,-1,0,-20
1140,-1,-1,1,-1,0,0,-1,0
1141,1,2,2,2,1,2,2,40
1142,-2,-1,-2,-1,-2,-1,-1,30
1143,0,1,2,0,-1,0,0,10
1144,1,0,0,0,1,0,0,20
1145,0,1,0,0,0,0,0,0
1146,0,1,1,0,1,1,-1,-10
1147,0,0,0,1,0,1,0,-10
1148,0,1,0,0,1,-1,0,20
1149,1,-1,0,-2,2,-1,-2,0
1150,2,2,2,2,2,2,2,50
1151,-1,-1,0,-2,-1,0,-1,-20
1152,-1,0,1,2,1,1,1,40
1153,1,-1,-1,-2,0,0,-1,30
1154,0,1,0,0,0,0,1,50
1155,2,2,1,1,1,1,1,30
1156,1,1,2,2,1,1,2,50
1157,-1,1,0,1,1,1,0,20
1158,0,1,0,1,0,1,0,20
1159,0,0,-2,0,0,0,0,0
1160,0,0,0,0,0,0,0,0
1161,0,0,0,0,0,0,0,-20
1162,0,0,0,0,0,0,0,0
1163,1,-1,-1,-2,0,0,0,-10
1164,0,0,0,0,0,0,0,0
1165,0,0,0,0,0,1,1,-20
1166,0,0,0,0,0,0,0,50
1167,0,0,0,-1,0,0,0,20
1168,2,2,1,-1,1,1,0,20
1169,1,0,0,0,0,1,-1,50
1170,1,2,1,1,2,2,1,30
1171,1,1,0,0,0,0,0,30
1172,0,0,0,0,0,0,0,50
1173,2,1,2,1,2,2,2,30
1174,0,1,1,0,0,0,0,20
1175,0,0,0,0,0,0,0,-20
1176,0,0,0,0,0,0,0,0
1177,0,1,1,0,0,0,-1,0
1178,0,0,0,0,0,0,0,50
1179,-2,0,-2,-1,0,2,1,-20
1180,0,0,1,0,0,0,0,20
1181,1,0,0,0,0,0,1,30
1182,0,-1,-2,-1,0,-1,0,-20
1183,1,1,1,2,1,0,0,50
1184,2,1,1,0,0,-1,0,-40
1185,1,2,1,1,0,2,1,30
1186,-1,-1,-1,0,-1,0,-1,-50
1187,0,0,0,0,0,0,0,10
1188,1,2,-1,-2,1,0,0,0
1189,0,0,0,0,0,0,0,0
1190,0,0,0,0,0,0,0,0
1191,0,0,0,0,0,0,0,0
1192,1,2,2,0,0,1,2,30
1193,2,1,1,-1,2,1,2,20
1194,2,2,1,2,1,1,2,50
1195,0,0,0,0,0,0,0,50
1196,0,0,0,0,0,1,1,30
1197,0,0,0,0,0,0,2,30
1198,0,0,0,0,0,0,-1,20
1199,0,0,0,0,0,0,0,0
1200,1,1,1,0,0,0,0,10
1201,0,1,0,2,-1,0,0,40
1202,0,0,-1,-1,0,-1,-2,40
1203,1,1,1,0,1,0,1,0
1204,0,0,0,0,0,0,0,-20
1205,0,0,0,0,0,0,0,50
1206,-2,-1,-2,-1,-1,0,-2,40
1207,2,2,2,2,2,2,2,40
1208,0,0,0,0,0,0,0,30
1209,0,-1,0,-2,0,-1,0,0
1210,1,2,1,1,2,2,1,30
1211,1,2,2,1,1,1,2,30
1212,1,1,0,1,0,0,0,50
1213,0,1,1,1,1,0,2,20
1214,2,0,-1,1,0,0,-2,0
1215,2,2,2,2,2,2,2,50
1216,0,-2,0,1,-1,0,0,30
1217,0,0,1,0,0,0,-1,30
1218,0,1,-1,-1,0,0,-1,10
1219,0,1,1,1,1,0,0,20
1220,0,-1,-1,0,-1,0,-1,20
1221,0,0,0,0,0,0,0,0
1222,0,0,0,0,0,0,0,50
1223,0,0,0,0,0,0,0,0
1224,0,0,0,0,0,0,0,0
1225,0,0,-1,0,0,0,1,10
1226,0,0,0,0,0,0,0,50
1227,2,2,0,0,2,2,0,50
1228,0,0,0,0,0,0,0,0
1229,0,0,0,0,0,0,0,40
1230,0,1,0,-2,0,0,1,40
1231,0,-1,-1,0,-1,1,0,30
1232,-1,-1,-1,-2,-1,-1,0,0
1233,0,0,1,0,0,1,0,40
1234,0,0,0,0,0,0,1,10
1235,0,0,0,0,0,0,0,-20
1236,0,0,1,0,0,0,0,0
1237,1,0,-1,0,0,-1,-2,30
1238,0,0,0,-1,0,0,0,50
1239,0,0,-1,-1,-2,-1,0,40
1240,0,0,0,0,0,-1,0,30
1241,0,1,1,0,0,0,0,0
1242,0,1,0,0,1,0,0,0
1243,0,0,0,-1,0,-1,-2,30
1244,0,2,0,0,0,0,0,0
1245,0,1,1,0,0,0,0,50
1246,0,0,0,0,0,0,0,0
1247,0,-1,0,0,0,0,-2,-20
1248,0,1,1,0,0,1,-1,30
1249,0,1,2,0,0,1,2,0
1250,0,1,1,0,0,-1,-1,-10
1251,0,0,0,-2,0,0,-2,50
1252,0,0,0,0,0,0,0,30
1253,0,0,0,0,-1,0,1,-30
1254,-1,0,0,0,0,0,0,-20
1255,0,0,1,0,0,0,0,20
1256,0,0,0,0,0,0,-1,0
1257,0,0,0,0,0,0,0,-30
1258,0,1,2,0,0,0,-1,0
1259,0,0,0,0,0,0,0,50
1260,0,0,-1,0,0,0,0,0
1261,0,-1,-2,0,-1,0,0,20
1262,0,-1,-2,-2,-2,-1,-1,0
1263,0,0,0,0,-1,0,0,50
1264,-2,0,0,0,0,0,0,0
1265,1,1,0,0,0,0,0,-20
1266,2,1,1,0,2,2,-2,40
1267,0,0,0,0,0,0,0,0
1268,0,0,0,0,0,0,0,20
1269,0,0,0,1,1,0,0,30
1270,0,0,1,-1,0,0,1,30
1271,-1,1,1,0,1,0,0,0
1272,0,0,0,0,0,0,0,20
1273,1,1,1,1,1,0,0,50
1274,0,0,0,0,0,0,0,-20
1275,0,2,0,0,2,2,0,0
1276,0,0,-1,-1,-1,0,0,-40
1277,0,0,0,0,0,0,0,50
1278,0,-1,-1,-1,-1,0,-2,20
1279,1,1,1,1,1,1,1,20
1280,-1,-2,-1,-2,-1,0,0,40
1281,0,0,-2,0,0,-1,0,0
1282,2,1,1,-1,1,1,1,0
1283,0,-1,0,-1,0,0,-1,50
1284,1,2,1,2,2,1,2,50
1285,1,2,1,2,2,2,1,50
1286,0,0,0,0,0,0,0,50
1287,0,0,1,0,1,0,1,0
1288,0,0,-1,0,-1,-2,0,10
1289,2,2,2,2,2,2,2,0
1290,0,0,0,0,0,0,-2,50
1291,0,0,0,0,0,0,-2,10
1292,0,0,0,-1,0,0,0,50
1293,0,0,0,0,0,0,0,0
1294,0,0,0,0,0,0,0,0
1295,0,-1,0,-1,-1,-2,0,50
1296,-1,0,-1,0,0,-2,0,-10
1297,0,1,1,0,0,0,-1,-20
1298,0,0,0,0,0,0,0,-40
1299,-1,-1,1,1,-1,0,1,30
1300,0,0,0,0,0,0,-2,50
1301,-1,-2,-2,-1,-1,-1,0,20
1302,2,2,2,2,2,2,2,50
1303,-1,0,1,1,2,0,2,20
1304,0,1,0,0,1,0,0,30
1305,0,-2,-1,-2,-1,0,-2,-10
1306,0,1,0,0,0,0,0,0
1307,0,1,1,2,2,0,1,0
1308,0,0,0,0,-1,0,0,10
1309,0,0,1,0,1,0,0,20
1310,1,1,1,1,1,1,1,50
1311,0,0,0,0,0,0,0,50
1312,0,0,0,0,0,0,0,30
1313,-1,1,0,0,0,0,0,-20
1314,0,0,0,0,0,0,-1,0
1315,0,0,0,0,0,0,0,0
1316,0,1,-1,0,0,0,-1,0
1317,0,0,0,0,0,0,2,20
1318,-1,1,0,0,0,-1,0,0
1319,0,0,0,0,0,0,1,20
1320,0,0,-1,-2,0,0,-2,30
1321,1,0,1,0,0,1,0,0
1322,0,0,0,0,0,0,1,20
1323,0,0,0,0,0,0,0,0
1324,1,0,0,0,0,0,0,-50
1325,0,1,0,0,-1,0,0,20
1326,0,2,0,0,0,2,0,20
1327,-1,-1,0,2,0,0,0,10
1328,0,2,1,-2,1,0,-1,40
1329,2,2,2,2,2,2,2,40
1330,0,0,2,0,0,0,1,20
1331,0,0,0,0,0,0,0,50
1332,0,1,0,0,0,1,0,-30
1333,0,0,1,0,-1,0,0,10
1334,0,0,0,-2,-1,0,-2,20
1335,1,1,0,0,0,1,0,0
1336,-2,0,-1,0,-1,0,-1,50
1337,-2,0,0,0,0,0,0,0
1338,0,0,0,0,0,0,-1,30
1339,0,2,1,1,2,1,2,20
1340,1,2,1,2,1,1,1,30
1341,0,1,0,0,0,0,0,20
1342,0,0,0,0,0,0,0,40
1343,0,1,0,0,0,0,0,30
1344,1,1,1,1,1,1,1,50
1345,0,0,-1,0,0,0,0,30
1346,0,0,0,0,0,0,0,0
1347,1,1,0,2,1,2,1,30
1348,1,0,-1,0,0,0,0,20
1349,2,2,1,1,2,1,1,50
1350,2,1,0,-1,1,1,-1,10
1351,0,0,1,0,0,1,2,0
1352,0,0,0,0,0,0,2,0
1353,0,1,0,0,0,0,0,50
1354,0,1,1,0,0,0,0,20
1355,1,2,1,2,1,2,1,-50
1356,0,0,1,0,-1,0,0,10
1357,0,0,0,0,0,0,0,0
1358,0,0,0,0,0,0,0,0
1359,0,1,1,1,0,1,0,0
1360,0,0,0,0,0,0,0,-20
1361,0,1,1,0,-1,0,2,30
1362,2,2,0,1,1,2,0,50
1363,0,-1,0,0,-1,0,0,-30
1364,0,0,1,0,0,0,0,10
1365,0,0,0,0,0,0,0,30
1366,2,1,1,1,2,1,1,30
1367,0,0,0,0,0,1,0,0
1368,0,0,1,0,0,1,-1,20
1369,0,0,-1,-1,-1,0,0,50
1370,1,1,1,1,1,1,1,50
1371,0,1,2,-1,1,0,2,-10
1372,0,2,0,0,1,0,0,30
1373,1,0,2,1,1,0,1,30
1374,0,0,0,0,0,0,0,-20
1375,2,0,1,0,2,1,0,20
1376,0,1,1,0,0,1,0,20
1377,0,0,0,0,0,0,0,0
1378,0,0,1,1,0,1,1,30
1379,-2,-1,0,-2,-2,-2,-2,0
1380,-1,-1,-1,0,0,0,-1,50
1381,0,0,0,0,0,0,0,-50
1382,0,0,-1,0,0,1,0,20
1383,0,1,1,0,0,0,0,-10
1384,2,0,0,2,1,0,1,50
1385,1,0,1,0,1,1,1,50
1386,0,2,0,0,0,0,2,40
1387,-1,-1,0,0,1,0,1,10
1388,0,1,0,0,1,1,0,20
1389,0,0,1,1,0,0,0,50
1390,-2,0,1,0,-1,0,0,0
1391,0,1,0,1,0,0,0,50
1392,0,0,0,0,0,0,0,30
1393,0,0,0,0,0,0,0,0
1394,0,0,1,0,1,-1,0,-20
1395,0,0,1,0,0,0,2,-10
1396,1,1,1,1,1,1,1,50
1397,-1,0,0,0,0,0,0,20
1398,2,-1,0,0,1,0,-1,0
1399,-1,0,-1,1,1,0,-2,20
1400,2,2,2,2,2,2,0,20
1401,0,0,0,0,0,0,0,50
1402,0,0,0,-1,-1,-1,1,10
1403,0,0,0,0,0,0,1,0
1404,0,0,0,0,0,0,0,20
1405,2,1,0,0,0,0,0,50
1406,0,2,1,0,0,0,0,10
1407,0,0,0,0,0,0,-1,0
1408,0,0,0,0,0,0,1,20
1409,-1,0,0,0,0,0,0,50
1410,0,0,0,0,0,0,0,30
1411,0,-1,-1,-2,0,0,-1,0
1412,0,0,0,0,0,-1,0,0
1413,0,0,-1,0,-1,0,-2,-20
1414,0,0,-1,0,0,0,0,-10
1415,0,0,0,0,0,0,0,0
1416,1,1,0,-1,0,0,0,30
1417,0,1,1,0,-1,0,0,30
1418,0,0,0,0,0,0,0,20
1419,0,1,0,0,0,0,-2,30
1420,0,0,0,0,-1,0,0,30
1421,0,0,0,0,0,0,0,50
1422,0,1,-1,1,0,0,0,30
1423,-1,0,1,0,0,0,0,-10
1424,0,0,-1,-1,-2,0,0,-10
1425,0,0,0,0,0,0,0,-20
1426,0,2,0,0,2,2,2,50
1427,1,2,1,0,1,1,0,30
1428,0,0,-1,0,0,0,0,50
1429,1,0,1,0,0,0,0,50
1430,2,1,0,0,0,0,0,20
1431,0,2,0,2,2,2,2,40
1432,0,1,2,0,2,1,0,30
1433,1,0,0,0,0,0,1,50
1434,0,0,0,0,0,0,0,30
1435,0,1,0,0,0,0,0,0
1436,-1,0,0,0,0,0,0,50
1437,1,1,2,0,0,1,2,30
1438,2,2,2,2,2,0,-2,20
1439,0,0,0,0,0,0,0,0
1440,0,-1,-1,-2,-2,0,-1,0
1441,2,1,2,1,2,0,-2,-20
1442,0,0,0,0,0,0,1,50
1443,0,1,1,0,-1,0,0,-20
1444,0,0,0,0,0,0,0,-20
1445,2,1,0,0,0,1,-2,30
1446,0,0,0,0,0,0,-2,30
1447,0,2,1,-1,1,-1,-1,10
1448,0,0,-1,0,-1,0,0,-10
1449,0,0,-1,-1,0,0,0,-20
1450,1,2,1,1,2,1,2,50
1451,2,2,0,0,1,0,-2,0
1452,0,0,0,0,0,0,0,50
1453,0,0,0,0,0,0,0,0
1454,2,2,0,1,1,0,2,50
1455,0,2,2,2,1,1,0,50
1456,0,0,0,0,0,0,0,50
1457,1,1,-1,-1,1,2,0,50
1458,2,1,2,1,0,2,1,50
1459,0,0,0,0,0,0,0,50
1460,1,1,0,0,1,0,0,0
1461,1,1,1,1,1,1,1,10
1462,0,0,0,0,0,0,0,50
1463,-1,0,0,0,-1,0,0,40
1464,1,1,0,0,0,1,0,40
1465,1,1,1,2,0,2,2,0
1466,-1,0,0,0,0,0,0,-20
1467,1,0,1,0,0,1,1,0
1468,0,1,2,2,0,0,0,50
1469,0,1,0,0,0,0,0,-10
1470,0,0,0,0,0,0,-2,50
1471,-1,0,-2,-2,-1,1,0,-20
1472,1,1,1,2,0,1,2,-30
1473,1,0,0,0,2,0,0,-10
1474,1,0,1,0,1,1,1,-10
1475,0,0,0,0,0,0,0,30
1476,0,0,1,0,0,0,0,10
1477,0,0,0,0,0,0,0,0
1478,0,-1,0,1,2,0,-1,40
1479,0,1,0,0,0,0,-1,10
1480,-1,1,0,0,0,-1,0,-10
1481,-2,0,0,0,0,0,0,-10
1482,-1,-1,-2,1,0,0,0,10
1483,0,1,2,0,-1,-1,2,10
1484,-1,-1,0,0,0,0,0,40
1485,0,-1,0,-1,-1,-1,-2,30
1486,2,2,2,0,1,0,0,50
1487,1,1,1,0,0,1,1,40
1488,0,0,0,0,2,1,0,-20
1489,2,0,0,0,0,0,2,20
1490,-1,0,0,0,0,0,0,0
1491,0,0,-1,2,2,0,0,0
1492,1,1,1,1,1,0,1,30
1493,1,0,0,0,1,1,1,30
1494,-1,0,0,0,-1,0,0,0
1495,1,1,1,0,-1,0,0,40
1496,-1,1,-1,-1,-1,-1,1,10
1497,1,-1,0,0,-1,0,0,20
1498,-1,0,0,0,-1,-1,2,30
1499,0,0,0,-1,0,0,0,40
1500,0,0,0,0,1,-2,-2,50
1501,2,1,2,0,-1,0,0,0
1502,0,0,0,0,-1,0,0,0
1503,2,2,0,0,2,1,0,-20
1504,-2,-2,-1,-1,-1,-2,-1,40
1505,-1,0,1,1,1,1,1,40
1506,0,0,0,0,0,0,0,20
1507,0,0,1,0,0,0,0,50
1508,1,1,0,0,1,1,1,30
1509,0,0,-1,-1,0,0,0,0
1510,0,0,0,0,0,0,0,0
1511,0,0,0,0,0,0,0,0
1512,0,0,0,0,0,0,0,20
